id,First Name,Last Name,email,gender,IP Address,admin,subscribed_at,canceled_at
1,Emilie,Bartaloni,ebartaloni0@comsenz.com,Female,32.93.86.224,false,13:43:12.000,
2,Geri,Foottit,gfoottit1@fema.gov,Male,148.99.161.232,false,0:56:39.000,
3,Brit,Stansall,bstansall2@163.com,Female,76.110.130.146,false,14:28:32.000,13:50:15.000
4,Codi,Woolward,cwoolward3@unicef.org,Female,81.232.216.123,false,14:13:15.000,9:35:43.000
5,Isaak,Surgenor,isurgenor4@phoca.cz,Male,67.250.91.74,false,1:38:39.000,
6,Arden,Hubber,ahubber5@ox.ac.uk,Female,148.106.33.184,true,22:24:57.000,
7,Simone,Skayman,sskayman6@unesco.org,Male,109.213.142.28,false,1:06:00.000,19:46:00.000
8,Courtenay,Swannack,cswannack7@scientificamerican.com,Female,255.206.225.23,false,11:25:25.000,
9,Berk,McKeevers,bmckeevers8@histats.com,Male,244.30.183.43,false,10:22:04.000,14:29:58.000
10,Cindy,Theyer,ctheyer9@feedburner.com,Female,80.216.161.243,true,19:36:45.000,
11,Tobie,Picheford,tpicheforda@newyorker.com,Male,161.252.40.230,true,12:41:00.000,
12,Jodie,Dolohunty,jdolohuntyb@youku.com,Male,157.186.65.241,true,16:17:55.000,6:12:38.000
13,Jozef,Jaegar,jjaegarc@joomla.org,Male,50.203.248.181,false,23:23:51.000,
14,Donnamarie,Butter,dbutterd@sohu.com,Female,111.59.110.148,true,2:16:30.000,
15,Lemuel,Rottery,lrotterye@gnu.org,Male,254.69.191.250,false,18:41:59.000,23:14:18.000
16,Brandea,McCalister,bmccalisterf@biglobe.ne.jp,Female,29.90.105.57,true,2:13:06.000,
17,Sunny,Kleinstein,skleinsteing@hp.com,Male,102.29.121.33,false,2:19:27.000,
18,Norri,Goodfellowe,ngoodfelloweh@umich.edu,Female,211.134.104.242,true,22:53:14.000,
19,Kristos,Siveyer,ksiveyeri@columbia.edu,Male,239.93.151.9,false,5:23:23.000,
20,Alejandro,Heaviside,aheavisidej@twitter.com,Male,42.56.234.150,false,8:14:08.000,0:52:07.000
21,Victor,Lardeur,vlardeurk@jugem.jp,Male,189.153.217.217,false,13:52:16.000,19:02:01.000
22,Berkie,Lints,blintsl@dion.ne.jp,Male,133.29.165.77,false,9:57:25.000,
23,Alec,Andrez,aandrezm@hatena.ne.jp,Male,26.102.184.85,false,18:58:04.000,
24,Margeaux,Linnell,mlinnelln@i2i.jp,Female,104.8.213.158,true,13:22:03.000,
25,Sybil,Lambotin,slambotino@multiply.com,Female,152.31.118.83,false,19:43:40.000,
26,Blaine,Paddon,bpaddonp@usnews.com,Male,81.116.228.44,false,4:32:10.000,
27,Derron,Swynfen,dswynfenq@imgur.com,Male,147.125.205.87,false,21:30:40.000,
28,Ellynn,Troake,etroaker@symantec.com,Female,166.219.70.25,true,0:45:31.000,5:09:11.000
29,Lowell,Boules,lbouless@t-online.de,Male,203.106.68.27,true,7:53:09.000,21:12:50.000
30,Chauncey,Frake,cfraket@gnu.org,Male,83.202.34.64,false,16:33:00.000,9:53:13.000
31,Katusha,Paskerful,kpaskerfulu@reddit.com,Female,250.196.119.67,false,17:11:03.000,
32,Mill,Tomsa,mtomsav@diigo.com,Male,141.142.73.39,true,9:55:31.000,5:39:38.000
33,Torrance,Rosenboim,trosenboimw@list-manage.com,Male,133.66.121.12,false,8:14:52.000,12:16:04.000
34,Blisse,Segrott,bsegrottx@apple.com,Female,205.255.147.170,true,9:44:54.000,14:59:25.000
35,Daria,Hedderly,dhedderlyy@blinklist.com,Female,230.118.150.2,true,1:52:03.000,22:29:58.000
36,Rainer,Ternott,rternottz@oaic.gov.au,Male,165.25.11.190,false,13:44:30.000,16:30:42.000
37,Constantino,Colhoun,ccolhoun10@flavors.me,Male,81.142.11.49,true,20:40:41.000,
38,Maura,Jorez,mjorez11@creativecommons.org,Female,17.214.151.88,false,9:31:44.000,
39,Alane,Esche,aesche12@hao123.com,Female,157.165.94.115,true,13:54:22.000,1:06:13.000
40,Johan,Drews,jdrews13@prnewswire.com,Male,52.170.56.67,true,1:27:34.000,0:35:49.000
41,Benito,Rosentholer,brosentholer14@imdb.com,Male,87.27.208.48,false,7:05:18.000,6:19:53.000
42,Vally,De Vile,vdevile15@chron.com,Female,177.192.19.179,false,16:02:11.000,
43,Dorthea,Kerne,dkerne16@usatoday.com,Female,171.102.181.228,false,3:43:42.000,2:31:39.000
44,Daryle,Glide,dglide17@github.com,Male,127.98.241.25,false,20:48:50.000,9:08:45.000
45,Candice,Espinha,cespinha18@gravatar.com,Female,107.30.199.75,true,8:23:48.000,12:14:49.000
46,Tim,Cranidge,tcranidge19@auda.org.au,Male,195.43.59.14,true,18:22:39.000,8:16:03.000
47,Justus,Schrader,jschrader1a@virginia.edu,Male,145.153.96.18,true,17:11:22.000,18:36:23.000
48,Mae,Blaydon,mblaydon1b@discovery.com,Female,54.86.22.141,false,4:26:17.000,
49,Wilt,Gashion,wgashion1c@businesswire.com,Male,211.238.152.155,false,0:17:45.000,19:43:58.000
50,Tove,Sweating,tsweating1d@examiner.com,Female,134.153.39.103,true,7:33:58.000,17:58:10.000
51,Helli,Strothers,hstrothers1e@cornell.edu,Female,202.182.77.215,true,13:00:13.000,
52,Frants,McCurley,fmccurley1f@e-recht24.de,Male,80.12.19.227,false,12:40:11.000,22:20:10.000
53,Bryce,Iacobetto,biacobetto1g@independent.co.uk,Male,156.49.164.47,false,22:27:39.000,11:44:57.000
54,Orazio,Grimes,ogrimes1h@nydailynews.com,Male,47.243.217.101,false,7:17:40.000,9:19:48.000
55,Leonora,Insley,linsley1i@example.com,Female,115.8.76.205,true,9:11:27.000,10:12:13.000
56,Tate,Gawthrop,tgawthrop1j@ovh.net,Female,58.57.127.247,false,11:24:11.000,1:56:21.000
57,Geraldine,Loving,gloving1k@list-manage.com,Female,200.52.32.252,false,3:19:04.000,2:41:14.000
58,Frank,Golde,fgolde1l@storify.com,Female,161.168.130.251,false,10:39:49.000,5:27:52.000
59,Budd,Ashe,bashe1m@blog.com,Male,1.72.193.71,true,8:57:24.000,
60,Win,Imlach,wimlach1n@smh.com.au,Male,137.28.228.56,true,20:24:48.000,17:21:36.000
61,Pieter,Ramsell,pramsell1o@arizona.edu,Male,146.177.130.159,true,18:37:56.000,11:07:42.000
62,Mel,Passingham,mpassingham1p@youtube.com,Female,113.166.77.68,false,13:20:59.000,
63,Vania,Hue,vhue1q@digg.com,Female,168.31.55.239,false,17:47:50.000,
64,Tanitansy,Ben-Aharon,tbenaharon1r@themeforest.net,Female,102.31.199.41,false,19:39:05.000,4:46:53.000
65,Durward,Cuncarr,dcuncarr1s@slashdot.org,Male,222.1.91.221,false,21:25:19.000,5:38:34.000
66,Mario,Giron,mgiron1t@blogger.com,Male,21.11.33.236,false,15:42:54.000,
67,Gradey,Duthy,gduthy1u@upenn.edu,Male,149.41.215.71,true,20:52:47.000,
68,Susann,Cornelisse,scornelisse1v@com.com,Female,121.228.189.165,false,12:52:25.000,5:33:41.000
69,Zachery,Hughill,zhughill1w@admin.ch,Male,167.9.16.148,true,19:26:35.000,6:34:20.000
70,Florance,Symons,fsymons1x@pagesperso-orange.fr,Female,3.57.109.120,false,10:53:18.000,
71,Rafferty,Reneke,rreneke1y@about.com,Male,249.69.50.54,false,19:17:52.000,
72,Ricard,Dumphry,rdumphry1z@google.com.au,Male,221.14.38.160,false,13:53:46.000,
73,Thurstan,Punton,tpunton20@harvard.edu,Male,94.86.26.149,false,21:06:32.000,10:51:44.000
74,Shelli,Brinklow,sbrinklow21@yandex.ru,Female,237.118.191.126,false,17:20:16.000,15:37:44.000
75,Beniamino,Tetlow,btetlow22@gizmodo.com,Male,254.176.129.233,true,10:05:10.000,
76,Jelene,Bohike,jbohike23@bigcartel.com,Female,190.134.215.13,false,20:58:03.000,13:14:24.000
77,Lindsy,Spight,lspight24@nsw.gov.au,Female,91.92.165.52,true,15:43:25.000,1:41:45.000
78,Baudoin,Brill,bbrill25@weebly.com,Male,178.211.220.59,true,13:21:52.000,
79,Mel,Sneden,msneden26@clickbank.net,Male,205.206.176.98,true,19:40:00.000,
80,Issie,Hirthe,ihirthe27@hugedomains.com,Female,111.137.72.237,true,3:02:24.000,
81,Justina,Meldon,jmeldon28@springer.com,Female,161.157.251.175,false,0:34:17.000,
82,Silvio,Sirman,ssirman29@sfgate.com,Male,66.5.83.77,true,17:58:43.000,16:28:14.000
83,Jordan,Pouck,jpouck2a@exblog.jp,Female,143.44.22.150,false,20:36:59.000,
84,Pavel,Symcock,psymcock2b@naver.com,Male,45.153.92.4,false,12:31:46.000,1:21:44.000
85,Burnaby,Raysdale,braysdale2c@xrea.com,Male,34.215.65.91,true,3:59:06.000,10:16:43.000
86,Nathanial,Arntzen,narntzen2d@senate.gov,Male,233.68.43.234,true,2:41:59.000,
87,Willi,Winder,wwinder2e@istockphoto.com,Male,62.139.53.19,false,9:15:00.000,
88,Neile,Vidler,nvidler2f@jiathis.com,Female,164.205.45.57,false,2:01:05.000,11:43:42.000
89,Wally,Meagher,wmeagher2g@pen.io,Female,118.19.60.252,false,0:16:07.000,
90,Car,Rodolico,crodolico2h@sciencedaily.com,Male,111.162.179.156,false,4:38:17.000,7:30:25.000
91,Galen,Hagerty,ghagerty2i@technorati.com,Male,106.238.194.161,true,9:07:19.000,15:47:34.000
92,Gage,Wisham,gwisham2j@nhs.uk,Male,45.133.151.78,false,15:11:24.000,
93,Alessandra,Western,awestern2k@google.it,Female,194.227.172.55,false,22:57:33.000,
94,Skylar,Abrahamsson,sabrahamsson2l@cnn.com,Male,214.129.160.152,false,18:28:06.000,
95,Cleve,Jannasch,cjannasch2m@comcast.net,Male,196.247.100.98,false,21:31:28.000,
96,Izzy,Sussams,isussams2n@amazonaws.com,Male,150.161.103.14,false,21:27:14.000,
97,Robbi,Paskins,rpaskins2o@miibeian.gov.cn,Female,215.73.228.54,true,18:28:16.000,
98,Klaus,Brager,kbrager2p@europa.eu,Male,35.57.213.113,true,12:18:23.000,
99,Basil,Titheridge,btitheridge2q@blogs.com,Male,42.210.114.219,true,12:20:25.000,18:31:30.000
100,Alyosha,Lydiatt,alydiatt2r@squarespace.com,Male,120.11.216.133,false,7:43:20.000,7:00:48.000
101,Christian,Fuentes,cfuentes2s@chronoengine.com,Female,235.125.58.239,false,6:03:27.000,23:51:48.000
102,Adi,Seller,aseller2t@google.com,Female,248.222.144.255,false,4:58:41.000,
103,Cybil,Arling,carling2u@jiathis.com,Female,179.38.14.7,false,0:24:40.000,20:16:36.000
104,Chicky,Sjollema,csjollema2v@alibaba.com,Female,159.253.221.111,true,8:42:45.000,
105,Ddene,Treby,dtreby2w@cam.ac.uk,Female,81.140.95.243,false,3:00:33.000,22:50:42.000
106,Dominga,Kynton,dkynton2x@booking.com,Female,249.118.173.209,true,14:59:11.000,11:49:18.000
107,Bonni,Windross,bwindross2y@nytimes.com,Female,250.32.104.17,true,0:11:37.000,
108,Gian,Alywin,galywin2z@npr.org,Male,221.125.177.183,true,2:20:03.000,
109,Ted,Widdicombe,twiddicombe30@ca.gov,Male,179.0.213.72,false,4:43:23.000,17:51:52.000
110,Cord,Mindenhall,cmindenhall31@usnews.com,Male,32.240.174.133,true,20:53:51.000,
111,Ax,Dansken,adansken32@bloglovin.com,Male,209.200.52.75,false,15:33:11.000,1:58:43.000
112,Rex,Vlahos,rvlahos33@ihg.com,Male,219.186.175.199,true,13:22:28.000,
113,Rodrick,Redington,rredington34@elegantthemes.com,Male,76.142.69.59,true,11:35:03.000,
114,Herold,Proswell,hproswell35@unicef.org,Male,112.44.61.186,true,0:17:39.000,19:45:05.000
115,Candra,Chinge de Hals,cchingedehals36@senate.gov,Female,18.234.91.44,false,6:02:42.000,
116,Liliane,Pietrusiak,lpietrusiak37@nps.gov,Female,127.149.131.84,false,9:29:41.000,2:50:44.000
117,Siward,Klesl,sklesl38@cnn.com,Male,17.35.122.211,false,17:48:32.000,
118,Dwight,Gianolo,dgianolo39@dot.gov,Male,181.51.232.132,true,3:45:15.000,9:33:21.000
119,Danya,Foy,dfoy3a@phpbb.com,Male,29.198.184.212,true,14:28:57.000,13:53:47.000
120,Brigham,Lazonby,blazonby3b@yahoo.com,Male,54.141.137.153,false,6:46:18.000,
121,Kingsley,Harford,kharford3c@prlog.org,Male,21.164.168.190,true,11:59:57.000,
122,Ola,Byrth,obyrth3d@unc.edu,Female,167.189.95.199,false,4:44:32.000,
123,Orson,Davenhill,odavenhill3e@deliciousdays.com,Male,224.114.78.192,true,2:32:15.000,
124,Kylie,Trudgian,ktrudgian3f@opensource.org,Female,85.100.199.72,false,14:28:56.000,
125,Chucho,Hegerty,chegerty3g@myspace.com,Male,246.36.68.121,true,16:14:25.000,19:09:19.000
126,Naomi,Reveley,nreveley3h@paginegialle.it,Female,48.126.70.32,false,20:40:12.000,15:25:21.000
127,Heidie,Kenworthy,hkenworthy3i@1und1.de,Female,1.65.114.8,true,13:16:52.000,22:18:32.000
128,Merridie,De Filippis,mdefilippis3j@odnoklassniki.ru,Female,9.189.170.219,true,5:32:29.000,
129,Robenia,Tesseyman,rtesseyman3k@newsvine.com,Female,169.99.246.223,true,1:24:31.000,
130,Aloisia,Presley,apresley3l@ihg.com,Female,2.107.241.23,false,5:57:48.000,
131,Meryl,Reddings,mreddings3m@bigcartel.com,Male,38.107.32.18,false,6:39:46.000,15:53:29.000
132,Louisette,Gonthier,lgonthier3n@squarespace.com,Female,124.7.165.104,false,2:11:44.000,
133,Amelita,Downton,adownton3o@jugem.jp,Female,208.76.206.191,false,2:21:33.000,9:01:37.000
134,Prent,Yarrington,pyarrington3p@seesaa.net,Male,95.130.64.133,true,1:11:32.000,
135,Dierdre,Beeston,dbeeston3q@booking.com,Female,2.205.47.170,false,22:43:40.000,
136,Celia,Lebel,clebel3r@aboutads.info,Female,83.7.10.178,false,1:23:37.000,2:11:08.000
137,Latashia,Mishow,lmishow3s@goo.ne.jp,Female,47.51.245.7,false,10:36:02.000,9:32:45.000
138,Charla,Agron,cagron3t@alibaba.com,Female,4.118.197.0,true,5:27:50.000,
139,Greg,Elix,gelix3u@newyorker.com,Male,17.226.186.95,false,6:28:02.000,13:44:46.000
140,Lorena,Conor,lconor3v@123-reg.co.uk,Female,29.109.81.68,false,22:33:35.000,
141,Corette,Geering,cgeering3w@xinhuanet.com,Female,13.87.176.152,false,16:06:48.000,
142,Berry,Tiddeman,btiddeman3x@woothemes.com,Female,110.195.202.179,false,18:08:16.000,21:45:17.000
143,Kile,Ruberry,kruberry3y@google.com.hk,Male,147.250.150.95,true,12:00:56.000,
144,Robert,McFarlan,rmcfarlan3z@google.it,Male,79.130.218.50,false,5:24:31.000,
145,Yankee,MacPharlain,ymacpharlain40@epa.gov,Male,61.0.60.128,false,6:42:40.000,
146,Tootsie,Pirot,tpirot41@nyu.edu,Female,125.31.240.129,false,21:45:04.000,5:03:38.000
147,Cyrillus,Chandlar,cchandlar42@amazon.co.uk,Male,120.86.76.147,true,7:40:14.000,
148,Patsy,Vint,pvint43@fda.gov,Female,222.116.96.42,false,5:28:55.000,2:30:36.000
149,Ollie,Chomicki,ochomicki44@parallels.com,Female,134.169.55.55,false,17:12:09.000,14:21:16.000
150,Nonah,Kike,nkike45@geocities.com,Female,107.21.49.213,true,1:57:16.000,13:37:40.000
151,Paddy,Cumine,pcumine46@creativecommons.org,Male,114.90.185.171,false,18:12:50.000,
152,Coleman,Wreak,cwreak47@shinystat.com,Male,52.108.18.165,false,3:51:19.000,
153,Sawyere,Tylor,stylor48@usa.gov,Male,204.219.5.47,true,4:35:39.000,
154,Dannie,Matuszkiewicz,dmatuszkiewicz49@narod.ru,Male,231.231.97.233,true,5:21:45.000,23:18:20.000
155,Alexei,Stanfield,astanfield4a@google.ru,Male,60.43.45.3,false,14:42:10.000,
156,Stephen,Jorat,sjorat4b@over-blog.com,Male,240.147.51.29,true,13:35:17.000,
157,Slade,Woods,swoods4c@jugem.jp,Male,108.171.192.109,false,3:34:45.000,12:41:08.000
158,Tristan,Lydster,tlydster4d@youtu.be,Male,92.123.35.154,false,5:15:01.000,
159,Ivett,Barsby,ibarsby4e@themeforest.net,Female,70.29.28.213,true,20:38:56.000,8:17:08.000
160,Blanche,Bandiera,bbandiera4f@etsy.com,Female,86.111.13.173,false,11:41:10.000,23:50:41.000
161,Tailor,Boyda,tboyda4g@qq.com,Male,87.138.26.85,false,10:37:45.000,
162,Eustace,Cullin,ecullin4h@virginia.edu,Male,119.210.115.106,false,13:31:31.000,
163,Florida,Durbann,fdurbann4i@xrea.com,Female,156.173.144.239,false,13:29:35.000,
164,Robert,Attle,rattle4j@indiegogo.com,Male,104.48.171.238,false,0:54:17.000,
165,Wyatan,Kendall,wkendall4k@jigsy.com,Male,50.22.97.115,true,1:24:59.000,1:35:50.000
166,Carson,Saffrin,csaffrin4l@ifeng.com,Male,144.203.89.196,true,21:08:40.000,
167,Katha,McGahern,kmcgahern4m@huffingtonpost.com,Female,143.144.65.36,true,2:01:23.000,
168,Eustace,MacDermott,emacdermott4n@mtv.com,Male,77.247.73.45,false,15:15:31.000,21:13:47.000
169,Pieter,Alman,palman4o@networkadvertising.org,Male,188.143.6.252,true,15:20:32.000,
170,Gabi,Tremontana,gtremontana4p@harvard.edu,Male,204.218.235.132,false,12:51:07.000,
171,Aristotle,Baldetti,abaldetti4q@mit.edu,Male,206.234.9.46,true,4:12:30.000,6:05:37.000
172,Ambros,Smales,asmales4r@upenn.edu,Male,174.20.251.234,true,18:51:51.000,12:44:46.000
173,Currie,O'Garmen,cogarmen4s@g.co,Male,228.147.154.71,true,8:54:32.000,17:40:16.000
174,Glen,Sand,gsand4t@people.com.cn,Male,183.235.179.211,false,2:36:14.000,
175,Abeu,Drydale,adrydale4u@nifty.com,Male,144.211.0.219,true,22:39:04.000,14:16:10.000
176,Kala,Sonner,ksonner4v@biblegateway.com,Female,112.166.12.103,true,6:44:05.000,
177,Edythe,Betteriss,ebetteriss4w@joomla.org,Female,209.20.113.196,true,10:24:50.000,8:56:31.000
178,Hazel,Brosnan,hbrosnan4x@wiley.com,Male,32.80.209.31,false,4:43:02.000,
179,Emlynn,Koppe,ekoppe4y@ocn.ne.jp,Female,23.37.217.238,false,0:43:06.000,
180,Henryetta,Clarridge,hclarridge4z@sfgate.com,Female,4.25.221.133,false,9:54:31.000,5:51:51.000
181,Lonna,Grugerr,lgrugerr50@scribd.com,Female,123.242.216.186,true,4:37:18.000,5:09:03.000
182,Antoni,Kenaway,akenaway51@sakura.ne.jp,Male,135.228.186.130,false,6:53:22.000,12:29:34.000
183,Yolanthe,Ciciari,yciciari52@trellian.com,Female,197.6.37.106,false,14:25:50.000,
184,Demetria,Lysaght,dlysaght53@disqus.com,Female,120.25.101.113,false,9:55:18.000,14:43:10.000
185,Tamiko,Rauprich,trauprich54@ocn.ne.jp,Female,143.14.8.187,true,6:32:52.000,
186,Keri,Lodevick,klodevick55@t-online.de,Female,131.91.84.48,true,4:26:50.000,
187,Gardner,Nelthrop,gnelthrop56@guardian.co.uk,Male,104.167.40.168,true,4:01:09.000,
188,Thorvald,Stripling,tstripling57@mac.com,Male,234.71.120.214,false,15:18:32.000,2:25:47.000
189,Glenda,Loughlin,gloughlin58@furl.net,Female,177.75.18.61,true,13:31:13.000,18:41:33.000
190,Laurie,Bassham,lbassham59@msn.com,Female,116.107.22.103,false,5:20:01.000,18:09:08.000
191,Guillaume,Ygoe,gygoe5a@foxnews.com,Male,205.140.192.6,false,15:30:03.000,2:54:22.000
192,Mella,Dhennin,mdhennin5b@dagondesign.com,Female,185.78.206.58,false,8:36:37.000,
193,Chandler,Harmon,charmon5c@unc.edu,Male,158.195.163.211,false,15:30:04.000,8:29:14.000
194,Joshuah,Heinreich,jheinreich5d@technorati.com,Male,11.100.10.130,true,19:16:40.000,
195,Giustina,Spowart,gspowart5e@upenn.edu,Female,181.120.56.26,false,1:01:18.000,20:00:57.000
196,Almira,Simononsky,asimononsky5f@sphinn.com,Female,29.172.218.133,true,8:20:15.000,
197,Dela,Carine,dcarine5g@paypal.com,Female,199.160.173.254,true,3:25:55.000,
198,Lacy,Karpinski,lkarpinski5h@nationalgeographic.com,Female,79.206.149.230,true,21:06:39.000,
199,Fay,Lanphier,flanphier5i@miitbeian.gov.cn,Female,215.12.120.184,true,7:28:00.000,10:15:53.000
200,Lettie,Mcettrick,lmcettrick5j@ehow.com,Female,217.110.211.39,false,15:54:37.000,19:41:47.000
201,Sterne,Huygens,shuygens5k@vkontakte.ru,Male,158.122.61.106,false,4:48:12.000,
202,Olimpia,Ingrem,oingrem5l@webmd.com,Female,33.120.9.157,true,21:46:59.000,
203,Aloysia,Feldstern,afeldstern5m@blinklist.com,Female,131.146.165.103,false,5:00:09.000,23:08:16.000
204,Filmore,Tinline,ftinline5n@hexun.com,Male,178.44.141.255,true,12:48:09.000,
205,Elene,Comberbach,ecomberbach5o@nydailynews.com,Female,184.229.169.54,false,3:39:39.000,
206,Adam,Pickthall,apickthall5p@skype.com,Male,153.142.68.194,true,0:19:27.000,6:17:47.000
207,Carol,Reaney,creaney5q@sohu.com,Female,120.64.99.75,true,14:19:14.000,3:23:14.000
208,Staford,Gibby,sgibby5r@boston.com,Male,159.33.199.64,true,13:32:58.000,
209,Rachael,Shah,rshah5s@scribd.com,Female,76.239.120.149,true,10:17:54.000,9:25:48.000
210,George,Antonowicz,gantonowicz5t@surveymonkey.com,Female,18.156.50.48,false,14:55:32.000,
211,Holli,Coxen,hcoxen5u@csmonitor.com,Female,65.227.237.230,true,18:20:16.000,18:03:34.000
212,Shayna,Aldred,saldred5v@patch.com,Female,221.181.21.222,false,12:10:10.000,21:14:05.000
213,Fernande,Hargrove,fhargrove5w@vk.com,Female,104.197.184.95,true,22:08:47.000,12:57:36.000
214,Cam,Skeene,cskeene5x@constantcontact.com,Female,32.251.85.56,true,21:16:48.000,
215,Trstram,Gabbitis,tgabbitis5y@cornell.edu,Male,165.162.7.246,false,22:49:21.000,
216,Verene,Charette,vcharette5z@twitpic.com,Female,173.138.192.239,false,0:20:09.000,7:45:22.000
217,Tara,Allenson,tallenson60@themeforest.net,Female,99.108.15.72,false,17:53:10.000,5:29:44.000
218,Stephen,Cleveley,scleveley61@live.com,Male,197.98.202.79,false,22:42:27.000,
219,Orelee,Kirkland,okirkland62@ezinearticles.com,Female,111.198.237.223,true,0:35:15.000,
220,Bern,Fakeley,bfakeley63@oracle.com,Male,25.167.72.81,false,16:00:54.000,
221,Joe,Dumbrall,jdumbrall64@so-net.ne.jp,Male,131.55.8.150,true,16:31:27.000,
222,Garry,Brearty,gbrearty65@mediafire.com,Male,214.157.106.147,true,22:51:40.000,4:14:39.000
223,Anthea,Evenett,aevenett66@engadget.com,Female,241.94.151.45,true,1:06:49.000,12:18:21.000
224,Lucita,Claxson,lclaxson67@domainmarket.com,Female,219.88.132.54,false,11:29:30.000,
225,Heywood,Guidoni,hguidoni68@wix.com,Male,179.230.8.214,false,18:57:47.000,
226,Steffen,Chaplyn,schaplyn69@typepad.com,Male,200.12.62.177,false,18:10:22.000,21:06:08.000
227,Lorilyn,Jentet,ljentet6a@bigcartel.com,Female,150.9.210.11,true,6:11:53.000,2:46:40.000
228,Winnifred,Plose,wplose6b@home.pl,Female,93.249.165.164,false,5:06:31.000,16:06:50.000
229,Dinny,Stife,dstife6c@indiatimes.com,Female,214.73.185.38,true,23:55:52.000,3:05:51.000
230,Woody,MacIlriach,wmacilriach6d@msu.edu,Male,46.208.71.164,false,4:28:25.000,
231,Marius,Billanie,mbillanie6e@slideshare.net,Male,150.42.216.205,true,20:17:51.000,18:17:27.000
232,Roseanne,Troman,rtroman6f@ft.com,Female,204.147.3.220,true,16:55:54.000,1:34:05.000
233,Ninon,Scrowby,nscrowby6g@livejournal.com,Female,139.104.27.174,false,15:52:41.000,6:38:48.000
234,Bogey,Cogger,bcogger6h@youku.com,Male,117.60.140.254,false,11:08:16.000,
235,Dilly,Stuchberry,dstuchberry6i@creativecommons.org,Male,84.95.85.129,true,0:01:10.000,0:57:03.000
236,Ellwood,Wornham,ewornham6j@apple.com,Male,214.196.73.58,false,8:49:47.000,
237,Sybilla,Kiloh,skiloh6k@list-manage.com,Female,6.39.146.43,true,21:53:43.000,
238,Fonz,Orford,forford6l@whitehouse.gov,Male,59.122.231.138,false,5:52:25.000,
239,Corine,MacCaughen,cmaccaughen6m@odnoklassniki.ru,Female,65.139.183.140,false,23:25:38.000,
240,Marlin,Drinkeld,mdrinkeld6n@surveymonkey.com,Male,177.224.52.240,false,20:20:52.000,
241,Hendrik,Olyff,holyff6o@diigo.com,Male,141.134.234.130,true,6:57:57.000,
242,Miranda,Tinghill,mtinghill6p@vk.com,Female,98.124.168.118,false,5:57:06.000,7:57:44.000
243,Kelvin,Morat,kmorat6q@tumblr.com,Male,71.58.105.1,false,16:58:08.000,
244,Therine,Kennea,tkennea6r@uol.com.br,Female,107.19.118.150,true,11:58:53.000,14:47:28.000
245,Norah,McComish,nmccomish6s@live.com,Female,218.197.77.13,true,16:52:10.000,13:08:07.000
246,Denna,Barles,dbarles6t@slideshare.net,Female,85.238.60.114,false,9:13:59.000,4:32:51.000
247,Kelila,Weatherley,kweatherley6u@ihg.com,Female,130.17.148.155,false,4:16:25.000,
248,Zuzana,Janicki,zjanicki6v@army.mil,Female,220.239.177.15,true,14:24:49.000,
249,Berget,Spancock,bspancock6w@yelp.com,Female,234.56.190.162,false,12:25:34.000,
250,Phaedra,Sudell,psudell6x@drupal.org,Female,243.147.224.110,false,17:47:55.000,
251,Kory,Kernermann,kkernermann6y@nifty.com,Male,113.145.122.154,true,17:12:49.000,
252,Brinna,Anchor,banchor6z@blogger.com,Female,96.57.42.81,false,1:12:41.000,
253,Angus,Everex,aeverex70@jalbum.net,Male,84.218.44.198,true,10:42:13.000,
254,Gilles,Maxwaile,gmaxwaile71@cbslocal.com,Male,83.25.205.228,false,21:25:28.000,0:41:39.000
255,Norry,Crafter,ncrafter72@chicagotribune.com,Female,67.76.226.27,true,22:33:44.000,
256,Lind,Oade,loade73@china.com.cn,Female,190.95.46.56,true,19:59:14.000,
257,Elora,Merlin,emerlin74@usnews.com,Female,10.202.36.234,true,19:21:06.000,
258,Vic,Konzelmann,vkonzelmann75@prlog.org,Male,143.110.190.37,true,12:47:04.000,9:16:04.000
259,Penni,Vanyushkin,pvanyushkin76@ustream.tv,Female,123.46.57.159,false,21:43:46.000,
260,Ginelle,Sheara,gsheara77@live.com,Female,248.216.45.82,true,20:37:17.000,
261,Rowe,Bernath,rbernath78@list-manage.com,Female,193.195.151.136,false,10:53:35.000,
262,Thurston,Alywin,talywin79@dropbox.com,Male,146.174.255.59,true,22:33:50.000,1:59:52.000
263,Karl,Davitti,kdavitti7a@netscape.com,Male,249.247.239.159,false,22:14:02.000,
264,Cletus,Helliker,chelliker7b@bloomberg.com,Male,144.44.201.101,false,11:28:27.000,14:26:38.000
265,Klemens,Celloni,kcelloni7c@imageshack.us,Male,106.52.13.10,false,20:46:23.000,
266,Annice,Vedmore,avedmore7d@flavors.me,Female,95.182.116.57,true,20:03:11.000,
267,Christian,Mattiazzo,cmattiazzo7e@163.com,Male,156.59.191.78,true,16:14:03.000,9:23:50.000
268,Yetty,Sommerville,ysommerville7f@blogspot.com,Female,75.190.27.22,false,13:18:40.000,4:40:24.000
269,Ossie,Klos,oklos7g@zdnet.com,Male,145.56.21.79,false,23:51:28.000,
270,Clarke,Fewtrell,cfewtrell7h@biblegateway.com,Male,125.144.110.50,false,1:19:42.000,
271,Emelina,Guerola,eguerola7i@huffingtonpost.com,Female,184.213.75.22,true,23:51:49.000,21:25:38.000
272,Zollie,Slay,zslay7j@discuz.net,Male,203.126.58.183,true,17:06:52.000,
273,Nico,Derisly,nderisly7k@nih.gov,Male,138.215.12.72,true,13:09:54.000,20:43:48.000
274,Deana,Davson,ddavson7l@wisc.edu,Female,191.21.37.110,true,0:32:17.000,1:38:13.000
275,Farleigh,Friatt,ffriatt7m@arizona.edu,Male,55.105.122.177,true,7:07:10.000,
276,Huberto,Pouck,hpouck7n@stanford.edu,Male,51.177.177.55,false,8:00:18.000,16:45:05.000
277,Sharia,Steart,ssteart7o@rakuten.co.jp,Female,36.221.159.37,true,13:42:19.000,19:15:05.000
278,Byrle,Limerick,blimerick7p@prnewswire.com,Male,210.141.153.89,true,13:51:45.000,
279,Cal,Smithson,csmithson7q@usnews.com,Female,126.89.245.17,true,17:00:41.000,19:10:25.000
280,Giordano,Stocks,gstocks7r@domainmarket.com,Male,242.21.233.242,false,20:07:32.000,17:02:49.000
281,Kendal,Gourlay,kgourlay7s@feedburner.com,Male,254.149.140.44,false,18:47:52.000,4:21:27.000
282,Katrine,Balazot,kbalazot7t@cbc.ca,Female,5.116.68.171,true,6:59:08.000,10:08:40.000
283,Laura,Coltart,lcoltart7u@yandex.ru,Female,225.236.123.95,true,22:37:46.000,
284,Jackquelin,Prestige,jprestige7v@earthlink.net,Female,201.243.109.13,false,22:43:44.000,10:48:09.000
285,Nisse,Gainsburgh,ngainsburgh7w@xrea.com,Female,175.215.155.77,false,16:19:58.000,12:00:49.000
286,Shayne,Balchen,sbalchen7x@topsy.com,Female,172.141.149.55,true,8:19:34.000,
287,Marlee,Sellek,msellek7y@devhub.com,Female,67.94.240.217,false,22:17:59.000,7:04:12.000
288,Danyette,Kale,dkale7z@apache.org,Female,211.88.244.143,false,21:39:34.000,5:39:21.000
289,Gregorio,Remington,gremington80@github.io,Male,228.230.139.59,true,0:56:09.000,
290,Magnum,Fleckno,mfleckno81@clickbank.net,Male,67.182.134.156,true,16:10:13.000,
291,Gordan,Mays,gmays82@squidoo.com,Male,151.220.201.209,true,5:49:23.000,
292,Modesty,Sacchetti,msacchetti83@java.com,Female,131.202.63.220,false,23:27:17.000,9:48:36.000
293,Florella,Niemetz,fniemetz84@weebly.com,Female,9.137.248.120,true,18:03:50.000,
294,Mildred,Tarbath,mtarbath85@abc.net.au,Female,95.185.58.82,false,15:44:49.000,
295,Umberto,Raithmill,uraithmill86@quantcast.com,Male,146.192.251.144,false,18:42:23.000,0:30:19.000
296,Cordula,Regelous,cregelous87@bluehost.com,Female,201.99.62.203,true,10:23:10.000,0:11:24.000
297,Talbot,Concklin,tconcklin88@google.co.jp,Male,102.106.126.98,true,21:48:37.000,
298,Caesar,Skirling,cskirling89@webeden.co.uk,Male,93.169.67.120,true,1:45:03.000,
299,Reggy,Kilcoyne,rkilcoyne8a@example.com,Male,98.174.255.180,true,1:51:40.000,
300,Rosanna,Gronno,rgronno8b@cbslocal.com,Female,104.224.133.24,false,14:26:35.000,
301,Lari,MacRorie,lmacrorie8c@bravesites.com,Female,180.12.36.250,true,3:41:38.000,
302,Clevey,Dollin,cdollin8d@amazon.co.jp,Male,138.33.54.218,true,1:38:02.000,10:58:01.000
303,Cora,Kubacki,ckubacki8e@freewebs.com,Female,114.227.30.242,true,2:37:54.000,10:09:35.000
304,Giacobo,Vasenin,gvasenin8f@sourceforge.net,Male,49.173.247.118,true,20:31:30.000,
305,Laurice,Milmo,lmilmo8g@imageshack.us,Female,122.240.85.28,true,14:29:28.000,9:27:11.000
306,Hymie,Probate,hprobate8h@princeton.edu,Male,63.239.248.79,true,7:57:53.000,3:28:13.000
307,Noble,Gyngyll,ngyngyll8i@arstechnica.com,Male,46.93.182.254,false,18:45:30.000,8:44:38.000
308,Charo,Berceros,cberceros8j@elpais.com,Female,186.213.34.201,false,0:32:54.000,
309,Oswell,Glasebrook,oglasebrook8k@harvard.edu,Male,97.219.2.83,true,15:41:40.000,
310,Randie,Snoxell,rsnoxell8l@who.int,Male,242.89.28.125,false,5:43:02.000,
311,Merissa,Szach,mszach8m@freewebs.com,Female,108.109.106.194,true,17:12:19.000,
312,Natasha,Matthisson,nmatthisson8n@dailymotion.com,Female,180.62.27.182,true,0:26:20.000,
313,Hank,Haddow,hhaddow8o@pinterest.com,Male,82.39.103.251,false,19:28:08.000,
314,Ulrike,Alsop,ualsop8p@comsenz.com,Female,86.207.125.202,false,14:58:47.000,2:45:55.000
315,Clemence,Giannazzi,cgiannazzi8q@nymag.com,Female,103.230.165.46,true,16:34:42.000,8:09:59.000
316,Jaymee,Shimuk,jshimuk8r@newyorker.com,Female,250.148.107.41,true,0:32:21.000,
317,Dani,McGilroy,dmcgilroy8s@nsw.gov.au,Female,139.24.198.121,false,7:57:15.000,
318,Mattie,Nazaret,mnazaret8t@loc.gov,Female,99.234.106.244,true,14:39:35.000,
319,Kevyn,Abbots,kabbots8u@pagesperso-orange.fr,Female,74.59.91.67,true,14:36:01.000,
320,Thornie,Denkel,tdenkel8v@nytimes.com,Male,67.247.101.86,false,15:06:27.000,
321,Maitilde,Reeve,mreeve8w@desdev.cn,Female,33.185.204.253,true,7:20:00.000,10:54:09.000
322,Anallise,Illesley,aillesley8x@yale.edu,Female,74.8.253.180,true,17:42:39.000,
323,Neddy,Linzey,nlinzey8y@google.cn,Male,141.134.113.42,false,4:39:08.000,
324,Jock,Hauxby,jhauxby8z@slate.com,Male,231.223.57.223,true,10:52:05.000,18:27:29.000
325,Vera,Snook,vsnook90@bandcamp.com,Female,152.202.85.240,false,5:24:16.000,5:55:32.000
326,Leonid,Brantl,lbrantl91@ucoz.ru,Male,184.44.133.254,false,5:07:37.000,
327,Del,Stych,dstych92@yelp.com,Male,233.150.39.159,true,0:29:56.000,2:16:58.000
328,Paulo,Hause,phause93@jigsy.com,Male,215.19.181.17,false,22:40:59.000,8:18:09.000
329,Derk,Hailston,dhailston94@mit.edu,Male,97.9.234.128,true,0:30:34.000,
330,Rodrique,Trythall,rtrythall95@rediff.com,Male,168.155.162.142,true,7:59:12.000,
331,Adrien,Pigeon,apigeon96@amazon.co.jp,Male,146.249.228.202,true,21:17:37.000,
332,Meriel,Linneman,mlinneman97@wix.com,Female,105.217.175.45,true,8:28:42.000,
333,Caril,Flaune,cflaune98@ucoz.com,Female,95.189.140.214,true,16:39:21.000,9:24:08.000
334,Nevin,Lelliott,nlelliott99@comcast.net,Male,152.50.63.250,false,2:13:04.000,17:12:02.000
335,Carolynn,Ralestone,cralestone9a@opera.com,Female,0.60.152.234,true,16:27:05.000,
336,Abbott,Bellon,abellon9b@fastcompany.com,Male,139.250.42.119,false,5:28:43.000,
337,Broddie,Martinello,bmartinello9c@facebook.com,Male,63.226.29.233,true,22:16:34.000,4:42:40.000
338,Carey,Warratt,cwarratt9d@alexa.com,Female,118.90.181.22,false,0:38:38.000,20:34:12.000
339,Heall,MacFadin,hmacfadin9e@blogs.com,Male,194.91.158.10,true,8:35:06.000,4:01:07.000
340,Madelin,Knevett,mknevett9f@comcast.net,Female,94.3.197.83,true,11:12:15.000,
341,Bink,Gauchier,bgauchier9g@jugem.jp,Male,201.53.75.10,false,12:58:53.000,
342,Annmaria,Loudwell,aloudwell9h@washingtonpost.com,Female,121.64.156.77,true,22:12:58.000,
343,Anna,McMenamin,amcmenamin9i@ifeng.com,Female,248.0.188.168,true,12:58:43.000,
344,Michal,Grieveson,mgrieveson9j@phpbb.com,Female,203.162.48.120,false,22:41:37.000,
345,Van,Mityushkin,vmityushkin9k@slideshare.net,Female,215.133.219.144,false,15:48:24.000,5:41:36.000
346,Ianthe,Haseman,ihaseman9l@ifeng.com,Female,84.129.219.4,true,8:00:11.000,
347,Somerset,Belchem,sbelchem9m@springer.com,Male,192.224.219.58,true,13:40:02.000,
348,Phyllis,Meek,pmeek9n@netscape.com,Female,174.132.14.153,true,15:58:33.000,
349,Sandye,Dytham,sdytham9o@photobucket.com,Female,194.78.247.85,false,7:25:48.000,
350,Matelda,Rizon,mrizon9p@examiner.com,Female,51.203.178.144,true,10:20:52.000,4:05:34.000
351,Shana,Eskriett,seskriett9q@flickr.com,Female,120.62.110.70,true,18:53:11.000,4:16:27.000
352,Bibby,Pavic,bpavic9r@de.vu,Female,98.182.120.191,true,4:47:05.000,6:08:30.000
353,Scottie,Hemstead,shemstead9s@cnbc.com,Male,27.67.48.179,false,3:28:51.000,13:42:42.000
354,Mirabel,Gaskamp,mgaskamp9t@sfgate.com,Female,211.124.202.87,true,18:36:56.000,22:34:41.000
355,Dewie,Totton,dtotton9u@walmart.com,Male,131.234.85.105,false,23:55:14.000,
356,Emlyn,Binnes,ebinnes9v@patch.com,Male,242.182.176.224,false,8:44:06.000,
357,Scottie,Spelsbury,sspelsbury9w@ft.com,Male,46.81.30.95,true,7:17:39.000,1:17:38.000
358,Averell,MacKean,amackean9x@yellowbook.com,Male,183.180.175.118,false,23:38:04.000,
359,Flori,Blunden,fblunden9y@biglobe.ne.jp,Female,194.180.172.181,true,6:07:11.000,21:08:48.000
360,Guthrey,Alexandersen,galexandersen9z@shinystat.com,Male,18.99.49.19,true,8:04:12.000,
361,Marmaduke,Ross,mrossa0@bizjournals.com,Male,119.55.141.143,false,0:48:08.000,
362,Tommy,Bly,tblya1@merriam-webster.com,Male,205.244.17.13,true,11:36:12.000,
363,Norrie,Roselli,nrosellia2@tmall.com,Female,191.220.189.66,false,18:09:05.000,20:20:39.000
364,Robbyn,Edis,redisa3@com.com,Female,117.33.30.105,true,6:26:08.000,
365,Charo,Hurtado,churtadoa4@icq.com,Female,213.58.81.19,true,23:26:51.000,18:10:39.000
366,Marianna,Vallens,mvallensa5@mapy.cz,Female,228.205.173.242,true,10:41:01.000,
367,Pammi,Polgreen,ppolgreena6@woothemes.com,Female,231.128.44.3,true,18:34:17.000,20:53:38.000
368,Obediah,Hathwood,ohathwooda7@earthlink.net,Male,87.99.239.209,false,6:02:21.000,21:35:12.000
369,Tadeo,Schimonek,tschimoneka8@networkadvertising.org,Male,100.137.59.53,false,9:58:01.000,
370,Micheal,Tregale,mtregalea9@vimeo.com,Male,243.238.240.145,true,17:30:09.000,
371,Rosalind,Hysom,rhysomaa@pinterest.com,Female,13.219.59.197,false,7:03:58.000,10:59:03.000
372,Gwenette,Dahlgren,gdahlgrenab@shareasale.com,Female,91.202.70.215,true,0:31:00.000,
373,Humfrey,Rosengart,hrosengartac@delicious.com,Male,142.181.135.105,true,4:18:44.000,1:33:10.000
374,Hersch,Gherardesci,hgherardesciad@csmonitor.com,Male,118.84.210.53,true,0:21:20.000,
375,Hughie,Whybray,hwhybrayae@bing.com,Male,67.223.218.68,true,7:12:57.000,5:44:18.000
376,Tobi,Porter,tporteraf@wunderground.com,Female,151.0.218.149,false,20:57:47.000,4:32:24.000
377,Egor,MacNamee,emacnameeag@domainmarket.com,Male,29.196.108.74,false,0:34:26.000,
378,Marlene,Beckey,mbeckeyah@sfgate.com,Female,153.244.112.30,false,9:28:09.000,
379,Tann,Radbourne,tradbourneai@baidu.com,Male,96.250.208.65,true,2:09:57.000,
380,Lloyd,Ibeson,libesonaj@unblog.fr,Male,55.35.206.194,false,0:09:36.000,
381,Sherm,Rowlett,srowlettak@miitbeian.gov.cn,Male,108.38.242.6,false,15:35:15.000,
382,Sanderson,Budnk,sbudnkal@altervista.org,Male,136.148.162.119,false,0:12:10.000,
383,Jeromy,Arrault,jarraultam@timesonline.co.uk,Male,108.99.226.51,true,15:28:32.000,16:02:20.000
384,Leicester,Scothron,lscothronan@prweb.com,Male,5.112.53.236,false,4:05:58.000,15:34:34.000
385,Adel,Thredder,athredderao@1und1.de,Female,208.107.163.72,true,4:19:18.000,
386,Ethelred,Shevelin,eshevelinap@umn.edu,Male,54.122.86.126,true,1:30:19.000,
387,Corrinne,Wroth,cwrothaq@marriott.com,Female,91.153.84.185,false,22:39:06.000,
388,Janeta,Fendlow,jfendlowar@mit.edu,Female,196.81.45.55,false,18:31:56.000,2:13:11.000
389,Cash,Perree,cperreeas@seesaa.net,Male,215.203.190.17,false,10:51:55.000,
390,Brit,Spicer,bspicerat@samsung.com,Female,18.132.196.104,false,17:31:08.000,9:33:02.000
391,Luther,O'Shavlan,loshavlanau@house.gov,Male,233.108.234.124,false,11:21:14.000,22:16:47.000
392,Zedekiah,Jankowski,zjankowskiav@livejournal.com,Male,181.154.121.190,true,7:51:30.000,17:17:03.000
393,Phylis,Dodgson,pdodgsonaw@engadget.com,Female,66.39.202.31,false,6:42:30.000,10:48:29.000
394,Maddy,Collelton,mcolleltonax@shareasale.com,Male,196.42.228.213,false,21:37:44.000,
395,Tan,Savary,tsavaryay@ibm.com,Male,226.198.206.76,false,15:29:15.000,1:09:33.000
396,Liuka,Pendell,lpendellaz@weebly.com,Female,159.145.14.222,false,20:11:43.000,2:12:07.000
397,Base,Aleksich,baleksichb0@bbc.co.uk,Male,139.238.1.211,true,2:58:37.000,3:59:02.000
398,Harwilll,Brimilcombe,hbrimilcombeb1@cargocollective.com,Male,82.90.115.57,true,17:47:58.000,19:57:28.000
399,Andre,Quincey,aquinceyb2@ed.gov,Male,75.111.129.116,true,23:06:56.000,
400,Chev,Hayley,chayleyb3@umn.edu,Male,58.224.33.42,true,15:23:00.000,21:22:54.000
401,Katee,Castro,kcastrob4@sohu.com,Female,125.135.78.18,true,0:29:35.000,
402,Vasilis,Forshaw,vforshawb5@engadget.com,Male,227.87.118.114,true,13:59:25.000,
403,Isidro,Maycey,imayceyb6@list-manage.com,Male,93.174.166.209,true,9:57:57.000,
404,Giusto,Widger,gwidgerb7@spotify.com,Male,167.5.50.176,false,5:02:54.000,20:18:11.000
405,Lisle,Siemandl,lsiemandlb8@ning.com,Male,245.58.54.4,true,14:26:58.000,11:03:07.000
406,Cameron,Wasielewicz,cwasielewiczb9@vistaprint.com,Male,206.143.191.25,true,20:55:12.000,
407,Christina,Errington,cerringtonba@princeton.edu,Female,216.206.101.198,false,7:23:45.000,
408,Damara,Stourton,dstourtonbb@posterous.com,Female,7.191.67.172,true,0:17:04.000,19:21:54.000
409,Laurice,Berndtsson,lberndtssonbc@about.me,Female,37.38.130.228,true,17:34:56.000,
410,Marita,Piller,mpillerbd@bandcamp.com,Female,122.143.223.126,false,10:17:56.000,
411,Corene,Schankelborg,cschankelborgbe@vk.com,Female,239.247.163.161,true,12:44:14.000,12:08:51.000
412,Kipp,Trevor,ktrevorbf@homestead.com,Female,254.209.114.163,false,4:27:12.000,22:23:09.000
413,Westbrooke,Poetz,wpoetzbg@e-recht24.de,Male,10.12.242.151,true,23:43:20.000,
414,Laureen,Cockerton,lcockertonbh@google.ca,Female,241.66.40.89,true,5:15:45.000,16:26:12.000
415,Crawford,Otterwell,cotterwellbi@networkadvertising.org,Male,97.163.16.194,false,6:34:06.000,
416,Yvonne,Pountain,ypountainbj@mlb.com,Female,178.104.226.158,true,22:06:41.000,
417,Licha,Humbert,lhumbertbk@sciencedirect.com,Female,120.246.205.167,true,14:49:47.000,
418,Melisande,Kaiser,mkaiserbl@pcworld.com,Female,28.30.151.116,true,4:40:25.000,3:40:24.000
419,Lucia,Doles,ldolesbm@xrea.com,Female,243.61.127.214,false,5:59:18.000,8:56:10.000
420,Baryram,Neubigin,bneubiginbn@goo.gl,Male,25.192.139.213,false,9:24:46.000,3:22:19.000
421,Sean,Semens,ssemensbo@gmpg.org,Male,204.208.4.36,false,22:52:37.000,7:16:11.000
422,Noland,Fedder,nfedderbp@sourceforge.net,Male,194.170.236.113,false,14:16:06.000,13:03:28.000
423,Carry,Aisthorpe,caisthorpebq@sogou.com,Female,110.82.208.113,false,4:59:50.000,1:09:56.000
424,Klara,Devil,kdevilbr@springer.com,Female,129.184.105.10,false,0:00:04.000,7:30:36.000
425,Shaylyn,Posselow,sposselowbs@cafepress.com,Female,86.168.2.23,true,3:33:09.000,
426,Wye,Do Rosario,wdorosariobt@independent.co.uk,Male,147.254.130.237,false,4:10:05.000,
427,Josselyn,Albery,jalberybu@webs.com,Female,195.53.197.46,true,14:27:17.000,
428,Norbert,Borzoni,nborzonibv@google.nl,Male,59.236.161.54,false,21:20:39.000,
429,Randee,Oxberry,roxberrybw@free.fr,Female,196.204.99.131,true,2:03:03.000,4:20:49.000
430,Milly,Bartoszewski,mbartoszewskibx@cnbc.com,Female,104.141.74.4,true,4:05:10.000,7:45:07.000
431,Ninnetta,Fanning,nfanningby@admin.ch,Female,22.14.172.84,false,11:01:25.000,
432,Dalila,Edden,deddenbz@examiner.com,Female,67.241.99.74,false,5:30:56.000,5:24:10.000
433,Walther,Wilsey,wwilseyc0@google.co.uk,Male,137.48.83.25,false,13:42:51.000,5:58:54.000
434,Sukey,Hanigan,shaniganc1@google.co.uk,Female,168.0.218.173,true,11:59:53.000,
435,Alane,Terrans,aterransc2@smh.com.au,Female,76.175.93.208,false,15:31:54.000,
436,Tynan,Ben,tbenc3@tumblr.com,Male,137.63.156.198,false,6:10:43.000,22:31:41.000
437,Simone,Marunchak,smarunchakc4@epa.gov,Female,153.68.13.45,true,15:10:29.000,
438,Kakalina,Norvill,knorvillc5@msn.com,Female,154.159.154.170,true,1:20:43.000,
439,Jacinthe,Ioselev,jioselevc6@g.co,Female,69.70.200.106,false,4:42:52.000,
440,Roth,Laybourne,rlaybournec7@nyu.edu,Male,164.160.230.235,false,21:45:44.000,
441,Marjie,Finlaison,mfinlaisonc8@intel.com,Female,74.28.4.183,true,7:37:32.000,5:16:23.000
442,Claire,Rizzolo,crizzoloc9@google.cn,Female,173.175.192.132,true,9:01:07.000,
443,Sloane,Wylie,swylieca@youtube.com,Male,242.93.195.43,false,5:51:43.000,7:32:44.000
444,John,Sleeman,jsleemancb@edublogs.org,Male,69.49.83.250,false,19:36:39.000,
445,Jo,Quartley,jquartleycc@edublogs.org,Female,172.103.98.110,true,2:52:51.000,
446,Flore,Trickett,ftrickettcd@blogspot.com,Female,239.85.100.26,true,23:29:50.000,
447,Chelsy,Caudrelier,ccaudrelierce@mayoclinic.com,Female,81.22.21.180,true,4:00:03.000,
448,Nathalia,Pearl,npearlcf@t-online.de,Female,20.26.213.60,true,16:06:58.000,13:07:36.000
449,Lynnett,Barney,lbarneycg@youtube.com,Female,169.244.10.238,true,1:12:21.000,
450,Garold,Clutton,gcluttonch@engadget.com,Male,234.133.240.236,true,10:26:21.000,20:54:55.000
451,Leisha,Speedin,lspeedinci@constantcontact.com,Female,128.64.139.84,false,10:23:26.000,10:23:18.000
452,Pattie,Eddisford,peddisfordcj@wisc.edu,Female,69.5.81.146,true,19:39:16.000,
453,Gayleen,Pigram,gpigramck@ucoz.com,Female,219.97.52.30,true,16:55:13.000,
454,Jackqueline,Enderle,jenderlecl@smh.com.au,Female,125.62.63.189,false,23:55:55.000,
455,Pauline,Whal,pwhalcm@umn.edu,Female,64.15.147.110,false,17:23:07.000,12:32:31.000
456,Menard,Purdon,mpurdoncn@themeforest.net,Male,93.217.197.71,false,19:46:22.000,14:21:36.000
457,Denis,Anthiftle,danthiftleco@engadget.com,Male,183.210.20.250,true,15:29:24.000,
458,Bari,Elsom,belsomcp@imgur.com,Female,129.189.163.153,true,1:02:28.000,19:13:30.000
459,Ailina,Nevison,anevisoncq@dyndns.org,Female,249.206.187.27,false,11:48:04.000,
460,Dietrich,Rammell,drammellcr@bloglovin.com,Male,204.4.66.178,true,21:44:42.000,
461,Raviv,Cuddon,rcuddoncs@tinyurl.com,Male,98.33.104.137,false,23:40:42.000,
462,Stephan,Clout,scloutct@dmoz.org,Male,191.231.189.69,false,17:16:08.000,
463,Stephenie,Boshell,sboshellcu@parallels.com,Female,213.179.121.20,false,11:02:13.000,
464,Renaldo,Gallegos,rgallegoscv@e-recht24.de,Male,181.54.137.195,false,11:22:21.000,
465,Wilie,Bellino,wbellinocw@behance.net,Female,182.0.18.185,true,9:36:09.000,19:57:26.000
466,Renie,Emmison,remmisoncx@hostgator.com,Female,203.176.181.254,true,23:16:15.000,0:44:42.000
467,Aigneis,Bohl,abohlcy@meetup.com,Female,163.99.146.221,false,9:50:58.000,
468,Farleigh,Schofield,fschofieldcz@elegantthemes.com,Male,23.206.221.126,true,23:45:34.000,
469,Rosalinde,Dear,rdeard0@engadget.com,Female,48.232.84.62,false,19:07:02.000,
470,Abbe,Vannoort,avannoortd1@mysql.com,Female,6.46.194.41,false,18:52:42.000,
471,Fawn,Wash,fwashd2@biglobe.ne.jp,Female,238.137.186.9,true,21:28:25.000,
472,Terrance,Kenningham,tkenninghamd3@yolasite.com,Male,105.222.252.24,true,10:38:13.000,
473,Baily,Gatley,bgatleyd4@i2i.jp,Male,7.169.10.93,true,21:05:29.000,1:44:09.000
474,Delphine,Badsey,dbadseyd5@e-recht24.de,Female,71.208.79.110,false,20:31:21.000,12:04:50.000
475,Shepard,Goodricke,sgoodricked6@over-blog.com,Male,25.212.181.113,false,12:33:51.000,21:30:36.000
476,Laurette,Shildrick,lshildrickd7@paypal.com,Female,232.48.181.76,false,19:23:50.000,1:12:00.000
477,Elnora,Sneezem,esneezemd8@rakuten.co.jp,Female,105.73.159.22,false,9:13:24.000,19:24:44.000
478,Leann,Kalker,lkalkerd9@friendfeed.com,Female,237.36.38.92,true,1:22:21.000,18:50:04.000
479,Cassandry,Fraczkiewicz,cfraczkiewiczda@harvard.edu,Female,226.82.221.89,false,5:43:58.000,
480,Cybil,Guichard,cguicharddb@discuz.net,Female,90.17.128.14,false,21:25:44.000,
481,Bink,Roumier,broumierdc@jalbum.net,Male,178.250.18.200,false,19:51:48.000,12:00:37.000
482,Drusilla,McLise,dmclisedd@topsy.com,Female,229.100.171.86,false,11:02:06.000,5:11:12.000
483,Hobard,Chellam,hchellamde@virginia.edu,Male,110.108.42.15,false,9:24:46.000,
484,Ferris,Seymer,fseymerdf@jimdo.com,Male,217.210.161.6,false,5:50:37.000,6:27:44.000
485,Allsun,Hilldrop,ahilldropdg@amazon.co.jp,Female,114.89.182.216,false,1:10:07.000,6:29:48.000
486,Maddy,Dowse,mdowsedh@engadget.com,Female,198.33.0.132,true,18:32:47.000,
487,Jordon,Schultze,jschultzedi@theatlantic.com,Male,110.133.20.68,false,16:47:49.000,
488,Zolly,Slayford,zslayforddj@reuters.com,Male,46.177.68.121,true,18:06:36.000,
489,Welbie,Mingey,wmingeydk@sciencedaily.com,Male,80.164.125.246,true,13:52:45.000,21:19:37.000
490,Norrie,Fyfe,nfyfedl@gnu.org,Male,81.168.90.197,true,21:15:57.000,11:13:48.000
491,Haleigh,Pawle,hpawledm@comcast.net,Female,25.36.224.87,true,10:41:55.000,2:24:13.000
492,Muffin,Upston,mupstondn@comcast.net,Male,117.138.38.180,false,1:36:00.000,
493,Demetria,O' Borne,dobornedo@weather.com,Female,99.217.89.158,false,3:05:50.000,
494,Benson,Corston,bcorstondp@pinterest.com,Male,143.94.3.10,true,3:07:18.000,
495,Ileana,Shanklin,ishanklindq@businessinsider.com,Female,46.228.207.147,true,21:43:02.000,11:10:36.000
496,Georgie,Dubarry,gdubarrydr@artisteer.com,Female,18.248.61.147,true,18:04:54.000,21:35:44.000
497,Willis,Epp,weppds@jigsy.com,Male,148.196.237.185,false,5:34:56.000,1:32:32.000
498,Rica,Eakins,reakinsdt@photobucket.com,Female,83.115.176.243,false,0:30:49.000,
499,Emma,Prott,eprottdu@parallels.com,Female,55.133.95.12,false,17:22:55.000,
500,Lexi,Romaint,lromaintdv@cnn.com,Female,82.9.220.31,false,2:08:39.000,14:58:30.000
501,Thorpe,Rachuig,trachuigdw@imgur.com,Male,99.224.24.7,true,22:21:00.000,
502,Ricki,Eayrs,reayrsdx@sciencedirect.com,Male,239.126.93.128,true,8:49:49.000,
503,Sebastien,Kift,skiftdy@gizmodo.com,Male,253.135.132.13,true,3:12:07.000,9:14:11.000
504,Winslow,Knoles,wknolesdz@berkeley.edu,Male,166.235.212.233,true,15:25:50.000,
505,Currey,Abrams,cabramse0@addtoany.com,Male,240.196.180.111,false,3:29:51.000,20:35:06.000
506,Nickey,Dunseath,ndunseathe1@google.co.uk,Male,119.228.87.129,false,20:19:39.000,
507,Tasia,Librey,tlibreye2@list-manage.com,Female,83.92.144.207,false,17:03:18.000,
508,Natalie,Fairnie,nfairniee3@reverbnation.com,Female,131.71.125.169,false,23:11:40.000,9:16:30.000
509,Griz,Westlake,gwestlakee4@issuu.com,Male,102.113.197.96,false,17:35:53.000,16:39:05.000
510,Kevan,Summergill,ksummergille5@list-manage.com,Male,197.136.216.157,true,21:22:37.000,
511,Izzy,Iverson,iiversone6@yellowpages.com,Male,53.127.203.192,false,9:41:00.000,7:38:37.000
512,Mattie,Aleksandrikin,maleksandrikine7@i2i.jp,Male,109.25.122.164,true,4:08:20.000,
513,Annissa,O' Markey,aomarkeye8@simplemachines.org,Female,36.86.92.186,false,20:43:53.000,9:30:04.000
514,Sandie,Isbell,sisbelle9@cafepress.com,Female,167.249.202.214,true,20:21:39.000,
515,Sigismundo,Battman,sbattmanea@weibo.com,Male,105.174.108.126,true,20:31:52.000,
516,Hedwig,Manshaw,hmanshaweb@pinterest.com,Female,137.140.248.40,false,12:12:56.000,
517,Hagen,Atcherley,hatcherleyec@de.vu,Male,20.107.244.65,false,11:40:44.000,
518,Clayborne,Batcock,cbatcocked@theguardian.com,Male,151.40.92.8,true,21:18:15.000,8:39:03.000
519,Maryjane,Bowstead,mbowsteadee@yandex.ru,Female,179.140.21.192,false,14:06:03.000,18:38:06.000
520,Ugo,Abramovitz,uabramovitzef@spotify.com,Male,120.231.0.31,false,0:55:50.000,8:34:44.000
521,Gabrila,Yockley,gyockleyeg@who.int,Female,95.10.141.225,true,0:18:45.000,
522,Birgitta,Robertson,brobertsoneh@wp.com,Female,72.74.151.157,true,14:27:51.000,
523,Noami,Daud,ndaudei@newyorker.com,Female,232.181.61.201,false,8:06:27.000,
524,Rebe,Luddy,rluddyej@omniture.com,Female,159.35.152.100,false,8:37:36.000,10:03:09.000
525,Wilmer,Fetters,wfettersek@japanpost.jp,Male,87.245.107.207,false,22:54:43.000,18:43:32.000
526,Karia,Silverstone,ksilverstoneel@cloudflare.com,Female,67.74.36.175,true,21:54:07.000,2:27:44.000
527,Joshia,Arnopp,jarnoppem@themeforest.net,Male,149.119.243.169,true,4:57:03.000,13:34:11.000
528,Lisabeth,Morris,lmorrisen@ocn.ne.jp,Female,201.26.205.133,false,14:38:28.000,15:47:28.000
529,Bron,O'Driscoll,bodriscolleo@toplist.cz,Male,74.76.100.206,true,10:10:26.000,
530,Tyne,Noore,tnooreep@shinystat.com,Female,121.166.243.225,true,22:56:55.000,
531,Juline,Stolze,jstolzeeq@instagram.com,Female,22.51.39.219,true,16:45:47.000,12:38:31.000
532,Fleming,Kennewell,fkenneweller@blogger.com,Male,189.211.42.156,false,10:17:34.000,
533,Alexandre,O'Sherin,aosherines@seesaa.net,Male,154.19.34.119,true,19:09:32.000,
534,Arv,Matysik,amatysiket@miitbeian.gov.cn,Male,38.14.244.76,false,12:41:03.000,
535,Denver,Rabjohns,drabjohnseu@state.tx.us,Male,251.129.241.122,true,5:47:57.000,
536,Ody,Strangeways,ostrangewaysev@artisteer.com,Male,30.20.198.207,true,14:38:03.000,19:57:43.000
537,Mathias,Durrett,mdurrettew@telegraph.co.uk,Male,124.200.73.42,false,15:49:16.000,
538,Carlota,Lammerding,clammerdingex@list-manage.com,Female,94.114.97.89,true,7:41:15.000,
539,Bathsheba,Marmyon,bmarmyoney@jugem.jp,Female,221.196.137.162,false,6:51:02.000,
540,Cheslie,Pridmore,cpridmoreez@flavors.me,Female,219.238.234.79,false,12:52:51.000,
541,Jillian,Cleveley,jcleveleyf0@skyrock.com,Female,231.59.121.243,true,13:32:39.000,
542,Linnell,Gaiger,lgaigerf1@chron.com,Female,90.209.15.85,true,3:41:40.000,
543,Aylmer,Megson,amegsonf2@plala.or.jp,Male,72.27.110.232,false,7:14:36.000,
544,Giustino,Moryson,gmorysonf3@blog.com,Male,240.92.179.197,true,18:29:27.000,8:52:48.000
545,Karen,Hendricks,khendricksf4@apache.org,Female,209.13.26.112,false,21:25:47.000,
546,Daron,Sarson,dsarsonf5@naver.com,Female,173.197.80.151,true,6:44:39.000,2:50:24.000
547,Rhea,Oles,rolesf6@shutterfly.com,Female,175.106.21.189,true,13:24:24.000,1:02:35.000
548,Artemis,Philipot,aphilipotf7@alexa.com,Male,137.41.48.251,false,1:20:09.000,13:08:47.000
549,Randie,Moores,rmooresf8@sfgate.com,Male,113.160.219.75,true,17:55:03.000,9:11:08.000
550,Deck,Stave,dstavef9@accuweather.com,Male,137.75.222.177,false,17:19:48.000,21:27:30.000
551,Merna,Kulis,mkulisfa@uiuc.edu,Female,95.77.247.201,false,13:55:31.000,12:47:58.000
552,Hadlee,Lourens,hlourensfb@phoca.cz,Male,143.189.244.38,false,1:41:43.000,21:08:01.000
553,Wallace,Fairlamb,wfairlambfc@slashdot.org,Male,224.71.167.176,false,12:38:41.000,
554,Joyann,Sturdy,jsturdyfd@eepurl.com,Female,105.98.179.194,true,12:58:23.000,
555,Cristina,Valentinuzzi,cvalentinuzzife@census.gov,Female,195.229.12.170,false,23:38:09.000,21:49:03.000
556,Inge,Cristofari,icristofariff@mtv.com,Female,19.136.126.98,false,2:46:33.000,13:37:01.000
557,Hilde,Pelham,hpelhamfg@youku.com,Female,249.87.88.96,true,3:01:57.000,
558,Annabell,Baxandall,abaxandallfh@apple.com,Female,115.83.231.62,true,14:18:38.000,3:47:51.000
559,Creight,Penny,cpennyfi@g.co,Male,35.31.145.190,false,19:44:18.000,9:46:31.000
560,Meyer,Wybern,mwybernfj@photobucket.com,Male,230.238.231.180,false,8:11:22.000,
561,Brenn,O'Tierney,botierneyfk@typepad.com,Female,51.196.32.88,false,22:00:28.000,
562,Cyndie,Gadney,cgadneyfl@technorati.com,Female,54.189.11.142,false,19:27:40.000,1:34:16.000
563,Arly,Gilbey,agilbeyfm@mtv.com,Female,29.166.82.13,false,1:53:19.000,
564,Eli,Lakes,elakesfn@marriott.com,Male,34.203.183.148,false,10:35:07.000,
565,Inge,Trebbett,itrebbettfo@geocities.jp,Female,41.99.96.206,false,3:10:12.000,18:07:36.000
566,Aylmer,Greguoli,agreguolifp@purevolume.com,Male,21.133.125.78,true,6:01:43.000,18:46:19.000
567,Peyter,Withrington,pwithringtonfq@geocities.com,Male,54.12.75.21,true,4:41:40.000,
568,Anissa,Minnis,aminnisfr@jugem.jp,Female,6.49.228.113,false,14:54:47.000,6:23:54.000
569,Austen,Constantinou,aconstantinoufs@walmart.com,Male,89.43.1.174,false,6:49:25.000,19:31:51.000
570,Felipa,Gebuhr,fgebuhrft@jimdo.com,Female,116.16.60.60,true,12:21:02.000,
571,Danny,Rentoul,drentoulfu@netscape.com,Male,17.146.181.92,true,9:41:00.000,21:21:28.000
572,Cordie,Dunhill,cdunhillfv@macromedia.com,Male,162.45.225.81,true,18:25:28.000,
573,Olly,Blucher,oblucherfw@census.gov,Female,168.82.106.154,false,6:53:16.000,0:37:18.000
574,Susy,Cherrett,scherrettfx@hhs.gov,Female,56.1.201.113,true,10:29:05.000,10:09:25.000
575,Jaye,Cribbins,jcribbinsfy@hud.gov,Male,64.78.65.219,true,17:11:51.000,13:29:00.000
576,Hunt,Dawbery,hdawberyfz@amazon.de,Male,150.199.18.158,true,6:50:55.000,
577,Albertina,Filoniere,afiloniereg0@vistaprint.com,Female,101.112.50.78,true,2:54:07.000,
578,Dion,Prandin,dpranding1@example.com,Male,148.191.69.251,true,14:15:59.000,12:02:59.000
579,Marcos,Vanyashin,mvanyashing2@admin.ch,Male,205.16.125.228,false,21:45:08.000,
580,Kerwin,Farrer,kfarrerg3@lycos.com,Male,138.100.26.59,false,15:54:51.000,6:15:31.000
581,Holmes,Sarten,hsarteng4@kickstarter.com,Male,13.50.135.79,false,15:33:10.000,13:25:42.000
582,Dian,Luckhurst,dluckhurstg5@google.com.au,Female,105.229.203.215,false,1:49:27.000,
583,Kathie,Lynde,klyndeg6@redcross.org,Female,46.86.59.132,false,18:12:20.000,
584,Silvia,Grocutt,sgrocuttg7@mozilla.org,Female,199.221.64.114,true,8:20:10.000,
585,Dominique,Nottingham,dnottinghamg8@disqus.com,Female,22.228.231.178,true,11:23:39.000,
586,Eduard,Shakspeare,eshakspeareg9@friendfeed.com,Male,126.40.145.163,true,21:38:06.000,22:27:47.000
587,Matilda,Earl,mearlga@ucoz.ru,Female,86.138.195.240,false,18:06:41.000,2:21:46.000
588,Paulo,Bradock,pbradockgb@taobao.com,Male,127.182.71.205,true,22:43:35.000,6:19:01.000
589,Caroline,Mintoft,cmintoftgc@ft.com,Female,70.22.191.162,false,10:15:38.000,23:12:17.000
590,Adah,Trussman,atrussmangd@macromedia.com,Female,153.49.46.150,false,1:05:41.000,
591,Elliot,Cozby,ecozbyge@europa.eu,Male,7.31.72.39,true,20:02:56.000,
592,Karyn,Bartolommeo,kbartolommeogf@yolasite.com,Female,13.149.126.42,false,1:08:12.000,
593,Noah,Jedrzejewicz,njedrzejewiczgg@unicef.org,Male,99.67.82.122,true,6:12:10.000,
594,Kaitlin,Titheridge,ktitheridgegh@comsenz.com,Female,76.93.127.97,true,19:33:17.000,13:40:21.000
595,Friedrick,Edds,feddsgi@europa.eu,Male,114.176.169.133,false,7:23:03.000,0:03:54.000
596,Donnie,Stanmore,dstanmoregj@wikia.com,Female,99.148.240.118,true,13:29:26.000,
597,Cassandry,Dumelow,cdumelowgk@accuweather.com,Female,117.156.188.7,false,22:50:22.000,
598,Niki,Slot,nslotgl@people.com.cn,Male,91.243.157.29,false,3:22:25.000,13:36:15.000
599,Dore,Alexsandrowicz,dalexsandrowiczgm@privacy.gov.au,Female,58.67.209.204,false,8:02:29.000,
600,Connor,Rozier,croziergn@shareasale.com,Male,49.32.218.240,false,11:21:43.000,
601,Ernaline,Benez,ebenezgo@accuweather.com,Female,130.157.46.234,true,15:38:44.000,
602,Ann-marie,Balden,abaldengp@sitemeter.com,Female,240.85.22.210,false,12:38:35.000,9:14:55.000
603,Kerrin,Brownsmith,kbrownsmithgq@ask.com,Female,188.36.91.215,false,1:13:40.000,
604,Kerrie,Dawidman,kdawidmangr@loc.gov,Female,29.6.177.175,false,18:27:10.000,12:36:15.000
605,Christoph,Fomichkin,cfomichkings@springer.com,Male,102.237.219.66,false,5:35:53.000,9:15:58.000
606,Zara,Bjorkan,zbjorkangt@goo.gl,Female,200.242.109.208,false,7:49:40.000,14:24:34.000
607,Bartel,Mullineux,bmullineuxgu@alexa.com,Male,214.205.177.11,false,5:45:13.000,19:11:18.000
608,Torrence,Viney,tvineygv@umn.edu,Male,237.108.213.192,false,1:58:49.000,
609,Adele,Pedel,apedelgw@bloglovin.com,Female,164.164.113.36,true,13:41:27.000,
610,Marla,Josovitz,mjosovitzgx@hud.gov,Female,188.38.230.163,true,7:32:14.000,11:44:02.000
611,Rinaldo,Mitchenson,rmitchensongy@freewebs.com,Male,246.160.213.242,true,22:02:18.000,
612,Shaylynn,Peasby,speasbygz@cpanel.net,Female,100.255.98.141,true,22:15:04.000,23:38:42.000
613,Alaine,Cockshtt,acockshtth0@jigsy.com,Female,28.58.164.104,true,12:09:48.000,
614,Fran,Steiner,fsteinerh1@constantcontact.com,Female,222.192.199.107,false,16:04:02.000,13:15:17.000
615,Wylma,Tolomelli,wtolomellih2@narod.ru,Female,207.198.169.65,true,6:42:27.000,1:47:57.000
616,Orion,Pentland,opentlandh3@japanpost.jp,Male,204.28.108.226,false,9:25:45.000,6:24:46.000
617,Tonye,Norgan,tnorganh4@amazon.com,Female,15.5.134.123,true,8:58:42.000,
618,Abba,Ker,akerh5@google.com.hk,Male,223.144.172.180,false,2:52:00.000,
619,Ariana,Mobberley,amobberleyh6@ameblo.jp,Female,115.12.222.87,false,11:29:13.000,
620,Eleen,Kingsman,ekingsmanh7@dot.gov,Female,86.87.238.30,true,23:00:02.000,
621,Camille,Kayzer,ckayzerh8@samsung.com,Female,106.81.18.122,false,18:34:06.000,
622,Albina,Skelbeck,askelbeckh9@php.net,Female,133.149.83.71,false,1:39:47.000,1:33:59.000
623,Spenser,Richmond,srichmondha@jiathis.com,Male,140.3.154.47,false,3:45:29.000,
624,Barb,Poge,bpogehb@google.com.au,Female,105.92.181.176,false,13:07:18.000,22:44:16.000
625,Wendall,Dabourne,wdabournehc@cbslocal.com,Male,244.115.92.187,false,9:00:18.000,
626,Northrop,Banger,nbangerhd@auda.org.au,Male,38.254.96.56,true,9:00:47.000,
627,Krystal,Btham,kbthamhe@uiuc.edu,Female,123.201.80.192,true,13:58:01.000,
628,Estel,Verny,evernyhf@paginegialle.it,Female,147.70.164.241,true,1:55:43.000,10:28:54.000
629,Maitilde,Hawkett,mhawketthg@goo.gl,Female,26.103.174.63,true,9:37:22.000,6:33:58.000
630,Alvin,Laurent,alaurenthh@adobe.com,Male,111.162.30.250,false,19:56:36.000,10:15:00.000
631,Chilton,Novill,cnovillhi@miitbeian.gov.cn,Male,31.158.43.123,true,18:46:12.000,10:51:11.000
632,Derrek,Colthard,dcolthardhj@admin.ch,Male,134.133.186.197,true,18:22:44.000,
633,Kristoforo,Beden,kbedenhk@g.co,Male,50.216.214.180,true,19:55:13.000,19:53:34.000
634,Anders,Ribchester,aribchesterhl@dmoz.org,Male,158.244.208.216,false,14:12:33.000,17:09:56.000
635,Trisha,Gagen,tgagenhm@plala.or.jp,Female,36.126.14.9,false,10:23:07.000,20:26:45.000
636,Trish,Rathborne,trathbornehn@infoseek.co.jp,Female,145.207.99.188,true,19:03:36.000,
637,Dillon,Hamp,dhampho@archive.org,Male,160.88.154.88,true,2:53:15.000,
638,Babb,MacNelly,bmacnellyhp@amazon.com,Female,57.168.229.99,true,12:12:02.000,12:34:42.000
639,Kori,Cornehl,kcornehlhq@independent.co.uk,Female,243.241.148.34,true,14:26:01.000,18:28:42.000
640,Morty,Berthomieu,mberthomieuhr@umich.edu,Male,29.63.14.24,false,1:30:39.000,
641,Chrissy,Buddles,cbuddleshs@ucoz.ru,Male,74.203.11.123,false,6:29:54.000,15:07:26.000
642,Rabbi,Gennerich,rgennerichht@independent.co.uk,Male,181.239.19.44,false,10:03:20.000,12:36:47.000
643,Irina,Piborn,ipibornhu@icio.us,Female,193.31.196.226,true,23:53:55.000,
644,Verge,Ritzman,vritzmanhv@wix.com,Male,112.101.88.69,true,23:07:46.000,10:07:18.000
645,Barclay,Bagby,bbagbyhw@ifeng.com,Male,167.81.99.68,true,11:07:09.000,17:38:27.000
646,Mycah,Jarrold,mjarroldhx@discovery.com,Male,71.109.181.45,false,13:36:32.000,
647,Costa,Ianinotti,cianinottihy@army.mil,Male,208.255.13.198,false,5:18:03.000,
648,Jessey,Steer,jsteerhz@trellian.com,Male,170.178.54.127,true,14:55:23.000,
649,Martainn,Barley,mbarleyi0@latimes.com,Male,148.59.73.49,true,19:23:50.000,
650,Lonee,Allston,lallstoni1@senate.gov,Female,226.123.213.192,true,9:07:08.000,1:20:43.000
651,Lulita,O' Kelleher,lokelleheri2@csmonitor.com,Female,142.104.139.132,false,22:43:41.000,7:12:52.000
652,Leslie,Dmitrienko,ldmitrienkoi3@berkeley.edu,Male,146.252.186.134,false,3:08:59.000,
653,Franky,Molan,fmolani4@fotki.com,Male,28.187.39.235,false,14:41:28.000,2:22:32.000
654,Joan,Tollmache,jtollmachei5@squidoo.com,Female,218.158.174.203,true,11:54:03.000,
655,Virgina,Pyford,vpyfordi6@cafepress.com,Female,205.100.97.64,true,20:07:47.000,
656,Gianni,Caen,gcaeni7@blog.com,Male,254.201.217.127,true,6:11:40.000,10:27:21.000
657,Kaycee,Teliga,kteligai8@imgur.com,Female,49.45.235.5,true,9:40:11.000,
658,Clement,O'Brian,cobriani9@linkedin.com,Male,104.96.229.190,false,17:05:36.000,
659,Daffie,Heinsen,dheinsenia@opera.com,Female,96.105.186.22,true,10:09:04.000,5:28:57.000
660,Nerti,Badam,nbadamib@techcrunch.com,Female,69.130.114.113,true,12:34:12.000,
661,Lee,Gilcrist,lgilcristic@woothemes.com,Male,185.22.148.176,true,18:12:23.000,
662,Brinn,Petren,bpetrenid@cbsnews.com,Female,42.40.149.134,false,19:09:18.000,
663,Gordy,Hambling,ghamblingie@nytimes.com,Male,108.121.109.219,true,18:17:48.000,16:54:04.000
664,Violette,Trusslove,vtrussloveif@house.gov,Female,221.32.14.73,true,7:14:03.000,15:26:02.000
665,Roxi,Glancey,rglanceyig@miitbeian.gov.cn,Female,57.109.98.15,true,15:08:09.000,
666,Ed,Andrivot,eandrivotih@weebly.com,Male,79.105.163.201,true,4:10:50.000,
667,Marget,Tander,mtanderii@yelp.com,Female,124.67.136.198,false,6:13:34.000,14:56:30.000
668,Winston,Laidler,wlaidlerij@jalbum.net,Male,140.243.148.8,false,10:24:40.000,
669,Lou,Bispham,lbisphamik@ucoz.ru,Male,31.179.167.22,true,8:42:41.000,
670,Helaina,MacIlory,hmaciloryil@theglobeandmail.com,Female,31.249.63.14,false,6:34:36.000,9:22:51.000
671,Gabie,Brice,gbriceim@bing.com,Male,108.155.99.42,true,8:48:04.000,3:10:21.000
672,Noelani,Reasce,nreascein@pcworld.com,Female,85.85.115.10,true,9:28:53.000,19:26:37.000
673,Ced,Savins,csavinsio@princeton.edu,Male,232.59.136.109,false,3:18:36.000,5:22:52.000
674,Lizzy,Crayton,lcraytonip@jiathis.com,Female,34.76.251.16,false,20:34:15.000,16:55:23.000
675,Evita,St. Clair,estclairiq@wunderground.com,Female,32.117.96.49,true,19:15:59.000,
676,Myrvyn,Wedderburn,mwedderburnir@flavors.me,Male,33.197.101.27,false,9:12:22.000,19:17:24.000
677,Prudence,Dennick,pdennickis@mapy.cz,Female,64.107.48.40,false,11:18:11.000,11:44:25.000
678,Reynolds,Blakeslee,rblakesleeit@xrea.com,Male,13.208.167.49,false,12:33:55.000,
679,Tiertza,Ryde,trydeiu@macromedia.com,Female,55.40.180.33,false,20:42:44.000,12:45:14.000
680,Leonanie,Natwick,lnatwickiv@dropbox.com,Female,133.234.26.141,false,13:15:42.000,
681,Bernette,Lendrem,blendremiw@yale.edu,Female,69.215.130.202,false,4:25:07.000,18:45:29.000
682,Siward,Endacott,sendacottix@g.co,Male,144.252.155.38,false,6:41:49.000,4:44:11.000
683,Francine,MacCarrick,fmaccarrickiy@skype.com,Female,254.164.11.128,true,10:47:50.000,
684,Kellen,Petrol,kpetroliz@spiegel.de,Female,85.168.180.76,true,15:24:16.000,17:31:03.000
685,Elga,Bancroft,ebancroftj0@usa.gov,Female,67.10.93.52,true,20:16:55.000,8:56:06.000
686,Madel,Spurret,mspurretj1@weather.com,Female,57.86.14.105,false,22:49:52.000,0:12:11.000
687,Rogerio,Bridden,rbriddenj2@imgur.com,Male,167.146.94.154,false,1:34:14.000,
688,Phyllys,Fairhall,pfairhallj3@icq.com,Female,147.59.161.185,false,5:46:39.000,22:23:41.000
689,Fabio,Yates,fyatesj4@uol.com.br,Male,177.27.201.32,true,2:08:54.000,
690,Jessee,Kordas,jkordasj5@webnode.com,Male,128.149.236.107,false,2:31:54.000,6:37:02.000
691,Jessamyn,Nation,jnationj6@google.com.au,Female,133.124.249.140,false,10:11:44.000,9:54:06.000
692,Karine,Batsford,kbatsfordj7@t-online.de,Female,204.202.248.248,true,10:28:54.000,16:23:56.000
693,Annice,O'Shiel,aoshielj8@wix.com,Female,166.48.28.145,true,16:30:17.000,2:53:44.000
694,Avrom,Stathers,astathersj9@whitehouse.gov,Male,199.219.148.186,true,4:04:17.000,
695,Norton,McTurk,nmcturkja@yelp.com,Male,72.195.6.207,true,15:23:51.000,
696,Annalise,Zuppa,azuppajb@goo.ne.jp,Female,162.209.159.246,true,2:38:20.000,12:25:33.000
697,Jeane,McGaugey,jmcgaugeyjc@exblog.jp,Female,189.118.12.198,true,3:19:31.000,
698,Kalila,Judson,kjudsonjd@people.com.cn,Female,43.213.123.148,false,3:58:23.000,5:54:30.000
699,Harrison,Yesenev,hyesenevje@shop-pro.jp,Male,108.96.42.35,false,20:06:53.000,
700,Dorian,Back,dbackjf@cbsnews.com,Female,191.203.70.78,false,4:11:43.000,9:32:34.000
701,Christopher,Loxston,cloxstonjg@infoseek.co.jp,Male,0.112.0.218,true,12:31:49.000,7:20:14.000
702,Sal,Cake,scakejh@psu.edu,Female,55.236.141.95,true,10:08:51.000,
703,Troy,Cassy,tcassyji@friendfeed.com,Male,29.209.199.73,true,6:52:32.000,
704,Dorrie,Perkins,dperkinsjj@dot.gov,Female,26.101.134.2,true,4:52:02.000,
705,Jerrold,Lovie,jloviejk@squidoo.com,Male,60.93.76.122,true,23:57:34.000,
706,Emerson,Lemme,elemmejl@plala.or.jp,Male,254.36.175.179,true,18:59:32.000,5:06:49.000
707,Malachi,Idel,mideljm@census.gov,Male,240.224.239.195,true,3:16:25.000,2:30:19.000
708,Linnell,Castletine,lcastletinejn@123-reg.co.uk,Female,159.4.106.77,false,5:24:49.000,15:58:51.000
709,Dena,Weildish,dweildishjo@nationalgeographic.com,Female,36.120.34.107,false,2:15:59.000,
710,Mordy,Proctor,mproctorjp@zdnet.com,Male,97.101.123.247,false,23:58:33.000,
711,Arleyne,Thredder,athredderjq@blogspot.com,Female,5.231.235.186,false,10:45:42.000,17:10:53.000
712,Cary,Enns,cennsjr@surveymonkey.com,Male,95.126.173.14,true,12:31:16.000,14:26:32.000
713,Lek,Rasell,lraselljs@businessinsider.com,Male,63.51.48.142,false,23:30:03.000,
714,Gail,O'Hickey,gohickeyjt@icio.us,Male,221.137.24.47,false,13:02:55.000,
715,Jeremiah,Veare,jveareju@bbb.org,Male,159.40.89.168,true,3:34:41.000,15:04:14.000
716,Vernen,Durant,vdurantjv@gmpg.org,Male,142.174.211.245,false,12:48:02.000,
717,Auria,Slucock,aslucockjw@vinaora.com,Female,194.150.173.8,true,23:09:03.000,
718,Wendall,Everington,weveringtonjx@canalblog.com,Male,78.239.225.24,true,13:45:13.000,1:32:29.000
719,Bard,Langelay,blangelayjy@nytimes.com,Male,96.205.159.99,true,13:55:29.000,
720,Dannie,Gunbie,dgunbiejz@un.org,Female,73.7.227.161,false,18:49:15.000,12:51:14.000
721,Cy,Spurnier,cspurnierk0@google.ru,Male,115.224.217.29,true,9:39:24.000,
722,Maure,Riatt,mriattk1@engadget.com,Female,31.110.206.84,true,20:35:30.000,15:43:49.000
723,Violette,Riping,vripingk2@sourceforge.net,Female,241.203.79.84,false,18:04:05.000,19:29:12.000
724,Charmine,Hamshaw,chamshawk3@nasa.gov,Female,101.225.239.38,true,6:23:46.000,
725,Gradey,McMennum,gmcmennumk4@wsj.com,Male,216.126.165.27,false,10:25:36.000,1:56:40.000
726,Alberik,Taree,atareek5@earthlink.net,Male,0.164.236.0,false,12:35:48.000,7:18:45.000
727,Benedicta,Cuthbert,bcuthbertk6@smugmug.com,Female,88.203.177.53,true,8:26:20.000,
728,Ronnica,Pollastrino,rpollastrinok7@cdc.gov,Female,118.73.201.178,true,6:29:02.000,
729,Vincent,Whittington,vwhittingtonk8@nhs.uk,Male,27.6.80.59,true,5:53:55.000,
730,Siana,Enrich,senrichk9@alibaba.com,Female,251.195.39.39,false,10:47:54.000,21:58:15.000
731,Leena,Bewfield,lbewfieldka@ocn.ne.jp,Female,139.118.68.84,true,3:56:48.000,6:28:49.000
732,Hank,Dowsett,hdowsettkb@tinypic.com,Male,220.208.237.0,true,12:18:46.000,
733,Corabella,Sweeting,csweetingkc@forbes.com,Female,223.8.129.153,false,8:50:57.000,
734,Merle,Simison,msimisonkd@businessinsider.com,Male,231.59.49.180,true,17:03:23.000,
735,Modesta,Pietz,mpietzke@usatoday.com,Female,141.32.249.232,false,16:34:57.000,22:47:18.000
736,Chickie,Lambourne,clambournekf@foxnews.com,Female,147.187.90.222,true,23:53:07.000,
737,Jacinthe,Hawgood,jhawgoodkg@dell.com,Female,139.242.117.81,true,17:47:13.000,
738,Dasya,Kinloch,dkinlochkh@vistaprint.com,Female,195.36.87.212,true,5:21:43.000,2:42:10.000
739,Dolf,Gotling,dgotlingki@360.cn,Male,235.132.14.170,false,13:12:14.000,
740,Laetitia,Bridgnell,lbridgnellkj@bizjournals.com,Female,153.232.80.202,true,19:45:11.000,
741,Kaitlin,Athy,kathykk@gizmodo.com,Female,154.116.240.155,true,14:32:59.000,
742,Fernando,Begley,fbegleykl@bloomberg.com,Male,7.172.65.123,true,21:49:39.000,
743,Modesty,Morstatt,mmorstattkm@cisco.com,Female,111.209.163.117,true,19:46:07.000,23:31:37.000
744,Rick,Hatherleigh,rhatherleighkn@stumbleupon.com,Male,163.63.131.81,true,15:53:23.000,
745,Nessa,Currum,ncurrumko@ezinearticles.com,Female,22.204.38.100,true,22:25:18.000,
746,Reinold,Fowles,rfowleskp@hubpages.com,Male,38.189.235.217,false,13:18:41.000,
747,Montague,Caldero,mcalderokq@ycombinator.com,Male,37.37.26.144,true,23:00:04.000,
748,Ripley,Goldstone,rgoldstonekr@slate.com,Male,188.172.28.62,false,1:43:09.000,23:49:27.000
749,Lynnell,Cicco,lciccoks@phoca.cz,Female,220.170.22.116,false,1:19:10.000,21:31:24.000
750,Shadow,Rogan,srogankt@tmall.com,Male,70.188.109.234,false,13:15:31.000,2:19:19.000
751,Derrek,Duly,ddulyku@census.gov,Male,112.65.8.157,true,8:06:15.000,
752,Gunner,Tadman,gtadmankv@issuu.com,Male,148.78.112.88,true,20:28:16.000,20:19:00.000
753,Olivero,McCurtain,omccurtainkw@usa.gov,Male,50.133.175.18,false,9:14:04.000,
754,Helli,Caverhill,hcaverhillkx@homestead.com,Female,156.47.196.118,true,13:16:59.000,21:19:14.000
755,Sarina,Hoble,shobleky@163.com,Female,119.231.8.206,true,7:13:45.000,7:46:29.000
756,Adolf,Broxis,abroxiskz@etsy.com,Male,188.19.91.5,false,22:31:14.000,
757,Dewain,Syce,dsycel0@noaa.gov,Male,246.0.21.254,true,2:28:34.000,
758,Brody,Mangeon,bmangeonl1@bravesites.com,Male,41.164.84.54,false,18:05:29.000,3:10:09.000
759,Matthias,Mackison,mmackisonl2@dailymotion.com,Male,77.131.159.86,false,14:15:54.000,
760,Katee,Harnott,kharnottl3@washingtonpost.com,Female,203.115.125.92,false,2:56:18.000,
761,Corrinne,Antonikov,cantonikovl4@guardian.co.uk,Female,162.170.93.118,false,19:27:21.000,16:25:26.000
762,Maryann,Stapleford,mstaplefordl5@tripadvisor.com,Female,142.234.11.186,false,19:37:11.000,
763,Vivie,Kempster,vkempsterl6@biblegateway.com,Female,86.148.216.120,false,17:18:53.000,7:26:26.000
764,Vincenty,Riatt,vriattl7@sfgate.com,Male,22.206.108.141,true,2:19:04.000,0:46:12.000
765,Wren,Tidbury,wtidburyl8@studiopress.com,Female,26.254.76.61,true,3:20:06.000,
766,Kerrill,Simner,ksimnerl9@indiegogo.com,Female,40.247.231.227,false,13:12:57.000,
767,Julio,Gonnelly,jgonnellyla@freewebs.com,Male,239.160.115.144,false,5:37:23.000,23:34:23.000
768,Penny,Rosenblum,prosenblumlb@admin.ch,Male,234.169.10.36,false,22:28:34.000,
769,Tansy,Corcut,tcorcutlc@bloglines.com,Female,83.150.107.106,true,2:20:54.000,
770,Corine,Shills,cshillsld@dell.com,Female,163.229.47.248,true,11:04:06.000,3:00:44.000
771,Rogerio,O'Lenane,rolenanele@quantcast.com,Male,145.142.253.235,false,9:48:45.000,0:29:34.000
772,Haywood,Darrington,hdarringtonlf@upenn.edu,Male,56.143.207.9,false,4:30:22.000,20:55:24.000
773,Dorian,Romanski,dromanskilg@washingtonpost.com,Male,92.68.148.202,true,19:28:06.000,
774,Mace,Sorsbie,msorsbielh@studiopress.com,Male,195.49.4.111,true,8:58:34.000,
775,Mitzi,Risbridge,mrisbridgeli@mysql.com,Female,254.43.98.244,true,2:03:44.000,1:31:53.000
776,Jose,Buckam,jbuckamlj@smugmug.com,Male,13.104.207.134,true,18:22:33.000,
777,Rodd,Norwell,rnorwelllk@mediafire.com,Male,180.200.21.80,false,13:52:14.000,
778,Stern,Kamiyama,skamiyamall@woothemes.com,Male,97.60.162.92,false,19:08:38.000,5:35:46.000
779,Julio,Tomaskov,jtomaskovlm@oracle.com,Male,33.207.210.9,false,21:43:02.000,
780,Lenore,Rickets,lricketsln@diigo.com,Female,248.15.254.7,true,18:13:38.000,
781,Farlie,Farndon,ffarndonlo@addtoany.com,Male,146.167.88.39,false,14:53:52.000,6:46:20.000
782,Kelsey,Poate,kpoatelp@goo.gl,Female,82.92.211.68,true,6:59:34.000,10:15:38.000
783,Noelyn,De Matteis,ndematteislq@digg.com,Female,232.4.93.8,false,13:45:46.000,
784,Guendolen,Roskeilly,groskeillylr@about.me,Female,133.162.173.108,false,6:11:52.000,13:21:01.000
785,Arlene,Huyton,ahuytonls@phoca.cz,Female,30.228.137.144,false,14:18:45.000,1:23:09.000
786,Toby,Rollett,trollettlt@hc360.com,Male,246.189.227.168,false,21:07:23.000,
787,Cody,Poulden,cpouldenlu@twitpic.com,Female,224.54.191.232,false,22:07:25.000,18:22:13.000
788,Osbert,Bilyard,obilyardlv@macromedia.com,Male,47.105.51.199,true,8:30:23.000,7:27:12.000
789,Ilaire,Ondracek,iondraceklw@mail.ru,Male,176.173.142.144,true,22:31:22.000,9:51:29.000
790,Norry,Andriuzzi,nandriuzzilx@unesco.org,Female,98.106.66.33,true,9:37:16.000,
791,Marcy,Yurchishin,myurchishinly@netvibes.com,Female,217.149.204.64,false,23:10:20.000,
792,Rhonda,Schoroder,rschoroderlz@un.org,Female,213.193.20.199,true,19:16:36.000,
793,Hildagarde,Bugbird,hbugbirdm0@amazonaws.com,Female,89.123.212.21,true,20:31:46.000,
794,Grenville,Davidavidovics,gdavidavidovicsm1@ca.gov,Male,141.71.57.125,true,13:22:08.000,
795,Leontine,Frude,lfrudem2@independent.co.uk,Female,140.198.199.65,true,9:54:04.000,
796,Chickie,Bausor,cbausorm3@taobao.com,Male,201.146.139.40,true,9:34:24.000,
797,Bianka,Ledstone,bledstonem4@reverbnation.com,Female,243.229.118.23,true,10:10:53.000,3:24:54.000
798,Dane,Le Provost,dleprovostm5@newsvine.com,Male,51.106.195.144,true,18:45:05.000,22:40:12.000
799,Tomasina,McQuillen,tmcquillenm6@fema.gov,Female,204.34.11.90,false,21:09:37.000,15:29:33.000
800,Garek,Swait,gswaitm7@themeforest.net,Male,241.243.223.141,true,19:04:14.000,
801,Juanita,Buttriss,jbuttrissm8@wufoo.com,Female,188.208.246.183,true,16:54:03.000,7:12:38.000
802,Angy,Bechley,abechleym9@goo.ne.jp,Female,95.51.214.177,false,7:28:45.000,
803,Emalia,Dumbelton,edumbeltonma@google.it,Female,137.110.216.90,false,7:20:41.000,
804,Jacky,Gaiford,jgaifordmb@ox.ac.uk,Male,147.176.64.132,false,2:52:43.000,21:36:15.000
805,Urbain,Chesswas,uchesswasmc@ning.com,Male,190.46.50.253,true,16:35:58.000,
806,Uriah,Briscoe,ubriscoemd@mtv.com,Male,218.120.22.97,false,13:06:08.000,7:59:05.000
807,Orson,Halwill,ohalwillme@cyberchimps.com,Male,148.192.252.90,true,20:22:16.000,7:36:24.000
808,Lucio,Horrell,lhorrellmf@flavors.me,Male,178.227.41.238,true,14:02:54.000,5:10:04.000
809,Bartholemy,Broker,bbrokermg@sogou.com,Male,52.27.199.9,false,13:41:12.000,
810,Minette,Djokic,mdjokicmh@pcworld.com,Female,227.8.149.217,true,22:44:10.000,16:48:23.000
811,Garvin,Vasilchikov,gvasilchikovmi@wikispaces.com,Male,255.119.146.187,true,1:08:47.000,5:27:21.000
812,Adena,Branchflower,abranchflowermj@java.com,Female,177.42.67.31,true,13:24:07.000,
813,Meyer,Kierans,mkieransmk@creativecommons.org,Male,118.66.16.165,false,8:35:52.000,
814,Datha,Stivers,dstiversml@opera.com,Female,83.217.212.241,false,11:31:45.000,13:51:50.000
815,Rae,Realph,rrealphmm@netscape.com,Female,113.140.13.118,true,16:50:55.000,
816,Corliss,Maskell,cmaskellmn@pen.io,Female,170.105.59.234,true,8:04:28.000,
817,Claudia,Hallor,challormo@mysql.com,Female,18.76.125.218,false,12:44:03.000,
818,Sylas,Gradon,sgradonmp@ca.gov,Male,107.53.41.72,true,8:41:23.000,4:09:45.000
819,Cesar,Maas,cmaasmq@blog.com,Male,190.88.66.209,false,17:33:10.000,23:05:30.000
820,Manya,Cabrara,mcabraramr@ucla.edu,Female,137.153.178.194,true,13:07:53.000,
821,Fields,Branni,fbrannims@so-net.ne.jp,Male,159.193.253.68,false,18:22:07.000,23:40:32.000
822,Mayor,Wrout,mwroutmt@shareasale.com,Male,122.67.234.145,true,4:15:12.000,13:35:31.000
823,Kip,D'Antonio,kdantoniomu@ow.ly,Male,32.74.244.97,true,15:23:21.000,
824,Jimmie,Pomfrett,jpomfrettmv@g.co,Male,175.254.163.2,false,5:12:21.000,4:27:48.000
825,Paddy,Pea,ppeamw@addtoany.com,Male,160.195.222.160,false,11:12:05.000,
826,Sophie,Dishmon,sdishmonmx@statcounter.com,Female,64.40.12.175,false,20:24:43.000,4:55:29.000
827,Dawn,Twist,dtwistmy@dailymail.co.uk,Female,33.229.3.200,false,10:24:05.000,
828,Samuel,Stoffel,sstoffelmz@smugmug.com,Male,53.170.142.4,false,12:37:36.000,17:04:11.000
829,Christyna,Pellissier,cpellissiern0@dell.com,Female,77.219.213.41,false,14:54:11.000,11:42:49.000
830,Marita,Dome,mdomen1@si.edu,Female,202.18.136.249,false,11:10:30.000,
831,Kaile,Reuble,kreublen2@bloomberg.com,Female,132.185.222.162,true,19:29:03.000,2:59:49.000
832,Fremont,McGeraghty,fmcgeraghtyn3@cisco.com,Male,89.120.34.225,false,2:45:00.000,
833,Alonzo,Gabbetis,agabbetisn4@spotify.com,Male,100.227.21.54,true,19:02:26.000,0:30:46.000
834,Dillie,Hedde,dhedden5@webeden.co.uk,Male,191.194.180.211,false,13:56:30.000,4:59:37.000
835,Rodd,Tomasz,rtomaszn6@com.com,Male,199.159.108.150,false,7:26:57.000,
836,Joelly,Stickells,jstickellsn7@instagram.com,Female,97.200.14.81,false,19:40:26.000,22:19:01.000
837,Ferris,Duchasteau,fduchasteaun8@devhub.com,Male,49.105.238.17,true,12:00:52.000,13:10:31.000
838,Lane,Maylott,lmaylottn9@xinhuanet.com,Female,11.148.181.250,true,13:20:43.000,14:19:52.000
839,Murray,Livezley,mlivezleyna@unesco.org,Male,158.246.190.174,false,17:39:06.000,
840,Tiebout,Jiruch,tjiruchnb@disqus.com,Male,95.97.178.16,false,14:28:47.000,13:18:06.000
841,Cory,Till,ctillnc@latimes.com,Male,84.97.220.236,false,5:53:02.000,5:36:06.000
842,Ashlee,Mickan,amickannd@earthlink.net,Female,181.195.250.210,false,21:48:43.000,10:40:02.000
843,Gerry,Petronis,gpetronisne@berkeley.edu,Female,111.86.177.185,true,1:28:59.000,20:19:32.000
844,Tine,Lowater,tlowaternf@toplist.cz,Female,180.174.41.172,true,4:46:43.000,
845,Meghann,Huddy,mhuddyng@woothemes.com,Female,247.189.1.199,false,9:41:34.000,3:37:13.000
846,Ashbey,Smitheman,asmithemannh@google.de,Male,48.85.228.163,false,22:53:44.000,2:33:08.000
847,Constanta,Dwerryhouse,cdwerryhouseni@kickstarter.com,Female,202.6.10.23,false,1:28:02.000,8:40:00.000
848,Minor,Slee,msleenj@forbes.com,Male,204.18.204.167,true,2:26:53.000,
849,Shandy,De Zuani,sdezuanink@hubpages.com,Female,119.184.67.29,false,14:15:42.000,23:15:36.000
850,Gallagher,Shawell,gshawellnl@drupal.org,Male,96.202.186.11,true,22:00:52.000,
851,Anneliese,Dayly,adaylynm@quantcast.com,Female,231.176.17.82,false,14:06:20.000,16:24:18.000
852,Wilhelm,Desantis,wdesantisnn@si.edu,Male,28.132.140.67,true,17:27:58.000,7:14:24.000
853,Helenelizabeth,Gutierrez,hgutierrezno@behance.net,Female,8.175.76.34,false,22:12:18.000,
854,Gerard,Woolley,gwoolleynp@mac.com,Male,218.43.148.86,true,16:09:16.000,
855,Reagan,Fearnside,rfearnsidenq@icio.us,Male,91.175.219.36,false,16:33:07.000,10:19:18.000
856,Celine,Harnor,charnornr@addtoany.com,Female,77.86.150.118,true,15:01:24.000,5:16:55.000
857,Emery,Cole,ecolens@bluehost.com,Male,139.149.218.171,true,9:22:10.000,13:21:46.000
858,Garvey,Pavolini,gpavolinint@gravatar.com,Male,68.240.193.194,true,10:37:50.000,11:01:10.000
859,Cristi,Govey,cgoveynu@t-online.de,Female,188.18.175.101,false,7:02:25.000,
860,Ernesto,Belson,ebelsonnv@yandex.ru,Male,64.30.172.128,false,21:58:56.000,13:11:31.000
861,Brett,Godball,bgodballnw@indiegogo.com,Female,208.125.236.76,true,14:44:11.000,
862,Humfried,Grolle,hgrollenx@google.es,Male,188.211.46.87,true,8:16:19.000,
863,Cooper,Bartod,cbartodny@gmpg.org,Male,218.238.197.58,false,21:42:53.000,2:20:00.000
864,Barrie,Belmont,bbelmontnz@stanford.edu,Male,138.36.59.151,true,16:51:15.000,18:02:30.000
865,Alva,Vest,avesto0@sourceforge.net,Male,109.230.125.72,true,3:45:53.000,
866,Hannah,Leban,hlebano1@state.gov,Female,190.182.85.191,true,14:23:54.000,
867,Gennifer,Schimmang,gschimmango2@seesaa.net,Female,160.101.64.88,true,3:31:38.000,14:33:19.000
868,Tiphani,Halewood,thalewoodo3@w3.org,Female,119.69.48.58,false,8:18:16.000,6:21:18.000
869,Walsh,Garroch,wgarrocho4@samsung.com,Male,128.190.172.20,false,18:53:37.000,17:33:26.000
870,Zola,Willmetts,zwillmettso5@businesswire.com,Female,190.114.5.11,true,19:24:22.000,
871,Cornelius,Pierpoint,cpierpointo6@google.co.uk,Male,175.34.94.2,false,11:14:59.000,14:04:12.000
872,Sven,Jenny,sjennyo7@japanpost.jp,Male,218.85.131.149,false,12:55:18.000,
873,Mozes,O'Caherny,mocahernyo8@jugem.jp,Male,134.120.62.15,true,9:11:07.000,8:52:49.000
874,Ruby,Harnetty,rharnettyo9@mlb.com,Female,245.42.182.197,false,16:30:49.000,4:34:08.000
875,Gabey,Bellhouse,gbellhouseoa@ed.gov,Female,46.36.108.87,true,4:07:18.000,11:14:57.000
876,Way,Danne,wdanneob@dyndns.org,Male,243.180.98.101,true,9:48:41.000,11:02:48.000
877,Adrianna,Cannaway,acannawayoc@google.pl,Female,227.26.239.199,false,16:18:06.000,17:58:26.000
878,Kennan,Tower,ktowerod@sciencedirect.com,Male,53.5.79.55,false,15:26:23.000,
879,Urban,Padwick,upadwickoe@opera.com,Male,67.144.121.171,false,19:42:10.000,
880,Hallsy,McMillan,hmcmillanof@apple.com,Male,90.1.177.170,false,17:39:13.000,13:43:29.000
881,Vyky,Seckington,vseckingtonog@nifty.com,Female,156.78.161.67,true,16:20:16.000,17:20:51.000
882,Marchelle,Bruneau,mbruneauoh@sitemeter.com,Female,61.47.47.79,false,0:20:12.000,20:08:43.000
883,Mitzi,A'Barrow,mabarrowoi@unblog.fr,Female,88.21.196.245,true,13:45:07.000,
884,Jeramey,Franc,jfrancoj@ustream.tv,Male,97.15.42.194,true,8:19:57.000,0:17:20.000
885,Fawnia,Braganza,fbraganzaok@ft.com,Female,93.53.214.172,false,19:06:06.000,14:33:53.000
886,Ursulina,Dowsett,udowsettol@nifty.com,Female,179.229.172.135,false,4:52:08.000,
887,Jillie,Turle,jturleom@cdc.gov,Female,15.244.211.198,false,14:32:30.000,
888,Linda,Bantham,lbanthamon@ezinearticles.com,Female,109.64.178.169,false,12:54:55.000,
889,Madge,Viollet,mviolletoo@nhs.uk,Female,249.231.130.82,true,15:38:16.000,
890,Yevette,Qualtro,yqualtroop@un.org,Female,51.113.90.244,false,10:11:27.000,7:17:40.000
891,Lynnell,Palatini,lpalatinioq@github.io,Female,4.193.201.34,false,7:44:30.000,15:44:32.000
892,Quintus,Flucker,qfluckeror@plala.or.jp,Male,206.205.51.70,true,6:37:03.000,
893,Quintana,Scourfield,qscourfieldos@cargocollective.com,Female,199.133.96.70,false,11:52:45.000,8:00:15.000
894,Suzette,Kehri,skehriot@issuu.com,Female,64.226.155.74,true,14:08:01.000,16:25:43.000
895,Terri,Ridges,tridgesou@yahoo.com,Female,95.111.253.232,false,19:32:12.000,
896,Gabbi,Keveren,gkeverenov@howstuffworks.com,Female,211.119.72.123,true,11:15:38.000,
897,Wood,Bichard,wbichardow@hostgator.com,Male,85.168.33.202,false,8:44:23.000,
898,Roch,Dubois,rduboisox@hubpages.com,Female,174.162.102.68,true,21:11:49.000,
899,Colin,Prestige,cprestigeoy@narod.ru,Male,149.96.179.148,true,18:58:25.000,14:55:53.000
900,Pearce,Limming,plimmingoz@who.int,Male,156.37.224.143,false,11:07:10.000,
901,Lilas,Barter,lbarterp0@virginia.edu,Female,140.92.228.215,false,5:46:42.000,
902,Dillon,Kevlin,dkevlinp1@netscape.com,Male,28.132.174.117,true,23:17:01.000,18:59:59.000
903,Ki,Cressar,kcressarp2@spiegel.de,Female,233.233.232.72,false,14:57:57.000,19:17:28.000
904,Cordelia,Matsell,cmatsellp3@amazonaws.com,Female,108.191.36.65,true,7:31:09.000,
905,Algernon,Benitez,abenitezp4@who.int,Male,254.80.155.62,true,12:04:34.000,
906,Charlot,Flott,cflottp5@blogtalkradio.com,Female,211.99.17.180,true,8:11:02.000,
907,Scotty,Roder,sroderp6@boston.com,Male,85.15.175.160,true,11:11:47.000,
908,Aline,Foxworthy,afoxworthyp7@freewebs.com,Female,120.48.252.240,true,12:27:57.000,21:24:48.000
909,Bari,Bettesworth,bbettesworthp8@taobao.com,Female,124.68.120.144,true,22:10:11.000,15:50:08.000
910,Mia,Leed,mleedp9@prlog.org,Female,48.165.129.220,true,9:27:39.000,
911,Harli,Yurchishin,hyurchishinpa@oakley.com,Female,61.152.59.119,true,8:25:26.000,0:14:03.000
912,Jamison,Halewood,jhalewoodpb@gizmodo.com,Male,177.182.88.114,true,1:57:43.000,7:09:10.000
913,Mortimer,Stapele,mstapelepc@squarespace.com,Male,158.71.238.187,true,10:19:55.000,14:26:25.000
914,Maggi,Jeannesson,mjeannessonpd@yellowpages.com,Female,114.192.52.113,false,17:00:28.000,6:36:35.000
915,Aland,Molan,amolanpe@army.mil,Male,194.66.221.211,false,20:47:50.000,7:46:48.000
916,Cris,Leopard,cleopardpf@networkadvertising.org,Male,185.26.240.31,true,1:06:13.000,
917,Micky,Doward,mdowardpg@ibm.com,Male,117.145.65.71,false,21:55:59.000,
918,Sancho,Giacomozzo,sgiacomozzoph@umn.edu,Male,26.205.223.123,true,2:48:48.000,10:36:13.000
919,Natal,Weaver,nweaverpi@alibaba.com,Male,191.44.35.66,true,19:24:31.000,20:27:35.000
920,Laurens,Merman,lmermanpj@house.gov,Male,44.230.253.191,false,2:09:36.000,
921,Tammie,Jayne,tjaynepk@wisc.edu,Male,24.219.68.128,false,0:54:56.000,
922,Britney,Benasik,bbenasikpl@ft.com,Female,68.241.229.240,false,11:43:02.000,15:27:35.000
923,Meade,Karp,mkarppm@sourceforge.net,Male,61.251.80.70,false,6:15:45.000,
924,Randolph,Spatoni,rspatonipn@google.com.au,Male,31.152.248.25,true,12:25:54.000,
925,Reina,Paige,rpaigepo@bloglines.com,Female,43.244.207.226,true,9:34:10.000,
926,Jasmin,Calcut,jcalcutpp@mysql.com,Female,86.85.82.230,false,11:10:03.000,
927,Hildagarde,Droogan,hdrooganpq@arstechnica.com,Female,35.245.80.211,true,10:45:59.000,
928,Ellary,Segges,eseggespr@i2i.jp,Male,173.201.205.149,true,17:18:22.000,
929,Luca,Greenhaugh,lgreenhaughps@chicagotribune.com,Male,55.88.233.8,false,9:00:53.000,2:17:26.000
930,Hobard,Doidge,hdoidgept@loc.gov,Male,219.190.1.132,false,5:15:01.000,5:52:11.000
931,Gianna,Knell,gknellpu@blogtalkradio.com,Female,98.139.51.246,false,1:41:38.000,14:56:53.000
932,Pepi,Merrikin,pmerrikinpv@plala.or.jp,Female,212.245.206.75,false,4:50:09.000,3:35:53.000
933,Paola,Sims,psimspw@dell.com,Female,78.176.123.82,false,0:59:07.000,
934,Lynn,Rozet,lrozetpx@privacy.gov.au,Male,194.239.131.212,false,3:31:58.000,10:11:14.000
935,Tristam,Gerin,tgerinpy@hhs.gov,Male,218.64.6.180,false,19:58:40.000,14:12:55.000
936,Zebulen,Gidden,zgiddenpz@nih.gov,Male,207.232.152.172,false,9:29:49.000,14:48:45.000
937,Ambros,McGarahan,amcgarahanq0@about.me,Male,4.198.192.173,true,3:23:23.000,
938,Dynah,Heliar,dheliarq1@cloudflare.com,Female,248.120.132.103,true,16:56:05.000,2:34:23.000
939,Jessey,Ganing,jganingq2@amazonaws.com,Male,89.61.142.239,true,5:58:11.000,
940,Stanley,Pashler,spashlerq3@aol.com,Male,146.229.104.13,false,18:38:15.000,
941,Rodie,Stockow,rstockowq4@com.com,Female,247.221.144.214,true,6:41:54.000,
942,Tandie,Node,tnodeq5@t.co,Female,65.6.158.13,false,10:59:32.000,9:04:49.000
943,Niel,Jillings,njillingsq6@cbsnews.com,Male,216.25.105.61,true,20:16:18.000,4:26:01.000
944,Selia,Ridgwell,sridgwellq7@scientificamerican.com,Female,225.73.230.28,true,12:40:12.000,
945,Waylan,McBean,wmcbeanq8@paginegialle.it,Male,3.3.122.204,false,13:20:31.000,
946,Conant,Willatts,cwillattsq9@imgur.com,Male,188.234.46.171,true,8:43:58.000,
947,Dilan,D'Elia,ddeliaqa@fotki.com,Male,156.231.182.21,true,19:39:08.000,13:46:16.000
948,Arvy,Boarer,aboarerqb@exblog.jp,Male,139.20.14.73,false,1:11:25.000,
949,Alvira,Purnell,apurnellqc@mlb.com,Female,133.233.7.245,false,9:11:19.000,
950,Jessika,Tasker,jtaskerqd@indiegogo.com,Female,88.30.146.243,true,17:54:38.000,19:43:02.000
951,King,McArte,kmcarteqe@tuttocitta.it,Male,114.144.253.180,false,8:08:25.000,18:39:20.000
952,Mignonne,Ganter,mganterqf@jalbum.net,Female,43.179.128.3,true,5:42:01.000,
953,Zacharias,Gerdts,zgerdtsqg@diigo.com,Male,200.144.65.232,false,23:26:12.000,5:44:33.000
954,Nester,Pullen,npullenqh@jimdo.com,Male,199.19.190.162,false,22:37:31.000,15:37:02.000
955,Miguel,Lawtie,mlawtieqi@amazon.co.uk,Male,196.14.128.120,false,20:32:12.000,20:39:21.000
956,Ronni,Cavanagh,rcavanaghqj@princeton.edu,Female,19.21.33.55,true,5:31:18.000,14:03:11.000
957,Westbrook,Le Provest,wleprovestqk@webnode.com,Male,72.199.96.34,true,15:10:59.000,23:24:36.000
958,Vikky,Guilaem,vguilaemql@kickstarter.com,Female,49.110.223.138,true,21:21:08.000,3:18:56.000
959,Clio,Maginot,cmaginotqm@soup.io,Female,246.199.110.217,true,21:13:20.000,5:12:17.000
960,Faber,Taaffe,ftaaffeqn@blog.com,Male,241.39.107.95,false,11:35:32.000,3:50:53.000
961,Alejandra,Arthy,aarthyqo@about.me,Female,238.19.250.75,false,0:40:22.000,11:06:50.000
962,Ingmar,Beardow,ibeardowqp@g.co,Male,93.103.195.34,false,9:51:52.000,12:19:25.000
963,Laureen,Dunlap,ldunlapqq@gnu.org,Female,250.223.168.41,false,14:53:56.000,
964,Robby,Pennone,rpennoneqr@symantec.com,Female,55.135.21.161,false,19:46:03.000,
965,Brear,Tommen,btommenqs@plala.or.jp,Female,101.202.161.186,false,23:02:14.000,14:50:48.000
966,Rozella,Corkell,rcorkellqt@washingtonpost.com,Female,100.100.31.231,false,3:26:22.000,21:39:32.000
967,Steffie,Meffen,smeffenqu@google.com.hk,Female,213.155.203.150,false,2:03:43.000,
968,Horacio,Jefford,hjeffordqv@ucla.edu,Male,98.199.21.92,true,2:23:00.000,
969,Abran,Larn,alarnqw@creativecommons.org,Male,95.225.73.30,true,5:14:01.000,0:44:29.000
970,Isahella,Novakovic,inovakovicqx@usa.gov,Female,179.32.161.178,false,11:20:20.000,
971,Ursulina,Stenet,ustenetqy@squidoo.com,Female,133.5.149.238,true,7:38:00.000,
972,Nicholas,Checo,nchecoqz@blogger.com,Male,57.64.18.226,true,6:48:18.000,
973,Aubry,Waddams,awaddamsr0@redcross.org,Female,58.76.79.172,true,9:15:46.000,15:13:43.000
974,Kennan,Delahunt,kdelahuntr1@i2i.jp,Male,203.178.176.67,false,10:17:24.000,9:35:18.000
975,Ellwood,Hailwood,ehailwoodr2@si.edu,Male,254.30.89.244,false,10:51:59.000,
976,Maximilien,Bourthouloume,mbourthouloumer3@house.gov,Male,35.212.79.43,false,18:02:37.000,20:18:58.000
977,Sammy,Ferraraccio,sferraraccior4@google.es,Male,209.115.74.120,false,6:15:11.000,
978,Lanette,Frenchum,lfrenchumr5@marriott.com,Female,250.215.217.137,true,8:31:43.000,
979,Hermon,Ciric,hciricr6@alibaba.com,Male,82.28.205.84,true,7:23:23.000,9:50:35.000
980,Gigi,Spyby,gspybyr7@ox.ac.uk,Female,43.115.131.87,false,0:20:28.000,
981,Camala,Long,clongr8@google.de,Female,232.160.226.200,true,21:26:44.000,16:04:51.000
982,Marillin,McFeate,mmcfeater9@mtv.com,Female,186.228.61.36,false,17:37:07.000,
983,Zara,Posselwhite,zposselwhitera@usatoday.com,Female,127.239.2.24,false,1:14:13.000,4:03:55.000
984,Reggie,Shawcroft,rshawcroftrb@taobao.com,Male,199.13.205.215,false,15:25:34.000,19:37:13.000
985,Edvard,MacKimm,emackimmrc@google.com.hk,Male,114.72.10.191,false,10:10:39.000,11:17:37.000
986,Tom,MacNockater,tmacnockaterrd@aboutads.info,Male,153.112.147.17,true,20:48:47.000,
987,Sharai,Ballentime,sballentimere@reuters.com,Female,58.116.12.208,true,23:26:45.000,16:37:48.000
988,Hollyanne,Oleszcuk,holeszcukrf@nps.gov,Female,201.194.31.125,true,7:16:36.000,12:22:55.000
989,Nannette,Philo,nphilorg@kickstarter.com,Female,97.213.106.200,false,19:26:29.000,12:06:08.000
990,Husein,Crawley,hcrawleyrh@shutterfly.com,Male,246.16.150.164,false,16:06:40.000,19:35:00.000
991,Justus,Boxhill,jboxhillri@odnoklassniki.ru,Male,112.194.218.50,true,15:55:42.000,
992,Cornell,Bullon,cbullonrj@constantcontact.com,Male,220.4.82.73,false,4:49:20.000,5:16:42.000
993,Christine,Nevet,cnevetrk@phoca.cz,Female,172.47.219.253,false,0:15:16.000,
994,Maisie,Barde,mbarderl@networkadvertising.org,Female,114.26.170.109,true,10:00:58.000,3:03:43.000
995,Lucretia,Corneljes,lcorneljesrm@friendfeed.com,Female,95.228.163.92,false,22:05:11.000,
996,Emmery,Curnnokk,ecurnnokkrn@jugem.jp,Male,102.214.212.89,false,14:43:20.000,22:40:36.000
997,Mathian,Greves,mgrevesro@google.es,Male,126.19.234.140,true,10:28:25.000,
998,Shantee,Shaughnessy,sshaughnessyrp@linkedin.com,Female,38.176.230.210,true,20:30:04.000,
999,Sven,Probart,sprobartrq@themeforest.net,Male,141.121.18.126,true,0:16:35.000,4:44:23.000
1000,Jone,Mulqueen,jmulqueenrr@hp.com,Male,59.193.156.174,true,12:14:15.000,
